Experiment;Name;Year;Crop;Biomass_dm_kg_ha;Biomass_dm_nconc_%;Grain_dm_kg_ha;Stem_dm_kg_ha;Emergence;Stem_elongation;Anthesis;Maturity;SWAT_0-30_Sowing;SWAT_30-60_Sowing;SWAT_60-90_Sowing;NMIN_0-30_Sowing;NMIN_30-60_Sowing;NMIN_60-90_Sowing;SWAT_0-30_Anthesis;SWAT_30-60_Anthesis;SWAT_60-90_Anthesis;NMIN_0-30_Anthesis;NMIN_30-60_Anthesis;NMIN_60-90_Anthesis;SWAT_0-30_Harvesting;SWAT_30-60_Harvesting;SWAT_60-90_Harvesting;NMIN_0-30_Harvesting;NMIN_30-60_Harvesting;NMIN_60-90_Harvesting
;Event;;;harvesting;harvesting;harvesting;harvesting;emergence;cereal-stem-elongation;anthesis;maturity;sowing;sowing;sowing;sowing;sowing;sowing;anthesis;anthesis;anthesis;anthesis;anthesis;anthesis;harvesting;harvesting;harvesting;harvesting;harvesting;harvesting
;MONICA_output;;;AbBiom;AbBiomNc;"[""OrgBiom"", ""FRUIT""]";"[""OrgBiom"", ""Shoot""]";emergence;cereal-stem-elongation;anthesis;maturity;"[""Mois"", [1, 3], ""SUM""]";"[""Mois"", [4,6], ""SUM""]";"[""Mois"", [7,9], ""SUM""]";"[""N"", [1, 3], ""SUM""]";"[""N"", [4,6], ""SUM""]";"[""N"", [7,9], ""SUM""]";"[""Mois"", [1, 3], ""SUM""]";"[""Mois"", [4,6], ""SUM""]";"[""Mois"", [7,9], ""SUM""]";"[""N"", [1, 3], ""SUM""]";"[""N"", [4,6], ""SUM""]";"[""N"", [7,9], ""SUM""]";"[""Mois"", [1, 3], ""SUM""]";"[""Mois"", [4,6], ""SUM""]";"[""Mois"", [7,9], ""SUM""]";"[""N"", [1, 3], ""SUM""]";"[""N"", [4,6], ""SUM""]";"[""N"", [7,9], ""SUM""]"
EX1;ATB_Marquart;2015;WW;;;5265.57;3199.85;;;;17.07.2015;;;;;;;;;;;;;;;;;;
EX2;ATB_Marquart;2015;WW;;;4495.01;2781.89;;;;17.07.2015;;;;;;;;;;;;;;;;;;
EX3;ATB_Marquart;2015;WW;;;6659.09;3987.18;;;;17.07.2015;;;;;;;;;;;;;;;;;;
EX4;ATB_Marquart;2015;WW;;;7762.47;4656.9;;;;17.07.2015;;;;;;;;;;;;;;;;;;
EX5;ATB_Marquart;2016;WW;;;4079.41;1807.51;;28.04.2016;07.06.2016;04.07.2016;;;;;;;;;;;;;;;;;;
EX6;ATB_Marquart;2016;WW;;;5116.14;2159.03;;28.04.2016;07.06.2016;04.07.2016;;;;;;;;;;;;;;;;;;
EX7;ATB_Marquart;2016;WW;;;4054.69;1661.09;;28.04.2016;07.06.2016;04.07.2016;;;;;;;;;;;;;;;;;;
EX8;ATB_Marquart;2016;WW;;;5576.24;2308.67;;28.04.2016;07.06.2016;04.07.2016;;;;;;;;;;;;;;;;;;
EX9;ATB_Marquart;2017;WW;;;5463.82;3543.34;;;31.05.2016;12.07.2017;;;;;;;;;;;;;;;;;;
EX10;ATB_Marquart;2017;WW;;;6177.9;4541.06;;;31.05.2016;12.07.2017;;;;;;;;;;;;;;;;;;
EX11;FI_Dahlhausen;2018;SM;20227.23;;;;;;;;;;;;;;;;;;;;;;;;;
EX12;FI_Dahlhausen;2018;SM;22874.73;;;;;;;;;;;;;;;;;;;;;;;;;
EX13;FI_Dahlhausen;2018;SM;15055.14;;;;;;;;;;;;;;;;;;;;;;;;;
EX14;FI_Dahlhausen;2018;SM;8107.22;;;;;;;;;;;;;;;;;;;;;;;;;
EX15;FI_Dahlhausen;2019;WW;;;1823.31;3907.33;;;;;;;;;;;;;;;;;;;;;;
EX16;FI_Dahlhausen;2019;WW;;;2261.33;3558.59;;;;;;;;;;;;;;;;;;;;;;
EX17;FI_Dahlhausen;2019;WW;;;4962.98;5355.64;;;;;;;;;;;;;;;;;;;;;;
EX18;FI_Dahlhausen;2019;WW;;;5281.25;5102.65;;;;;;;;;;;;;;;;;;;;;;
EX19;FI_Dahlhausen;2020;PO;;;;;;;;;;;;;;;;;;;;;;;;;;
EX20;FI_Dahlhausen;2020;PO;;;;;;;;;;;;;;;;;;;;;;;;;;
EX21;FI_Dahlhausen;2020;PO;;;;;;;;;;;;;;;;;;;;;;;;;;
EX22;HUB_Thyrow_D1;2009;PO;;;;;;;;;;;;;;;;;;;;;;;;;;
EX23;HUB_Thyrow_D1;2009;WB;;;1280.02;1165.41;;;;;;;;;;;;;;;;;;;;;;
EX24;HUB_Thyrow_D1;2009;WC;;;952.62;;;;;;;;;;;;;;;;;;;;;;;
EX25;HUB_Thyrow_D1;2009;WR;;;1578.2;1314.61;;;;;;;;;;;;;;;;;;;;;;
EX26;HUB_Thyrow_D1;2009;PO;;;;;;;;;;;;;;;;;;;;;;;;;;
EX27;HUB_Thyrow_D1;2009;WB;;;2858.14;1965.37;;;;;;;;;;;;;;;;;;;;;;
EX28;HUB_Thyrow_D1;2009;WC;;;2051.51;;;;;;;;;;;;;;;;;;;;;;;
EX29;HUB_Thyrow_D1;2009;WR;;;4401.91;3486.6;;;;;;;;;;;;;;;;;;;;;;
EX30;HUB_Thyrow_D1;2009;PO;;;;;;;;;;;;;;;;;;;;;;;;;;
EX31;HUB_Thyrow_D1;2009;WB;;;3246.67;2612.95;;;;;;;;;;;;;;;;;;;;;;
EX32;HUB_Thyrow_D1;2009;WC;;;3019.93;;;;;;;;;;;;;;;;;;;;;;;
EX33;HUB_Thyrow_D1;2009;WR;;;5699.9;4197.655;;;;;;;;;;;;;;;;;;;;;;
EX34;HUB_Thyrow_D1;2009;PO;;;;;;;;;;;;;;;;;;;;;;;;;;
EX35;HUB_Thyrow_D1;2009;WB;;;3101.42;2322.21;;;;;;;;;;;;;;;;;;;;;;
EX36;HUB_Thyrow_D1;2009;WC;;;2850.79;;;;;;;;;;;;;;;;;;;;;;;
EX38;HUB_Thyrow_D1;2009;WB;;;1127;2591.94;;;;;;;;;;;;;;;;;;;;;;
EX39;HUB_Thyrow_D1;2009;WC;;;1077.71;;;;;;;;;;;;;;;;;;;;;;;
EX40;HUB_Thyrow_D1;2009;WR;;;1409.3;1591.09;;;;;;;;;;;;;;;;;;;;;;
EX41;HUB_Thyrow_D1;2009;WB;;;3290.27;3017.81;;;;;;;;;;;;;;;;;;;;;;
EX42;HUB_Thyrow_D1;2009;WC;;;3117.98;;;;;;;;;;;;;;;;;;;;;;;
EX43;HUB_Thyrow_D1;2009;WR;;;4256.01;4387.25;;;;;;;;;;;;;;;;;;;;;;
EX44;HUB_Thyrow_D1;2009;WB;;;4620.59;3811.89;;;;;;;;;;;;;;;;;;;;;;
EX45;HUB_Thyrow_D1;2009;WC;;;3898.69;;;;;;;;;;;;;;;;;;;;;;;
EX46;HUB_Thyrow_D1;2009;WR;;;5974.745;5333.525;;;;;;;;;;;;;;;;;;;;;;
EX47;HUB_Thyrow_D1;2009;WB;;;4599.34;3613.71;;;;;;;;;;;;;;;;;;;;;;
EX48;HUB_Thyrow_D1;2009;WC;;;3958.33;;;;;;;;;;;;;;;;;;;;;;;
EX50;HUB_Thyrow_D1;2010;PO;;;;;;;;;;;;;;;;;;;;;;;;;;
EX51;HUB_Thyrow_D1;2010;WC;;;1487.07;;;;;;;;;;;;;;;;;;;;;;;
EX52;HUB_Thyrow_D1;2010;WR;;;1604.6;2812.04;;;;;;;;;;;;;;;;;;;;;;
EX53;HUB_Thyrow_D1;2010;WW;;;908.39;1121.17;;;;;;;;;;;;;;;;;;;;;;
EX54;HUB_Thyrow_D1;2010;PO;;;;;;;;;;;;;;;;;;;;;;;;;;
EX55;HUB_Thyrow_D1;2010;WC;;;3162.95;;;;;;;;;;;;;;;;;;;;;;;
EX56;HUB_Thyrow_D1;2010;WR;;;4427.53;7530.59;;;;;;;;;;;;;;;;;;;;;;
EX57;HUB_Thyrow_D1;2010;WW;;;3444.27;4677.69;;;;;;;;;;;;;;;;;;;;;;
EX58;HUB_Thyrow_D1;2010;PO;;;;;;;;;;;;;;;;;;;;;;;;;;
EX59;HUB_Thyrow_D1;2010;WC;;;3217.27;;;;;;;;;;;;;;;;;;;;;;;
EX60;HUB_Thyrow_D1;2010;WR;;;4853.815;8274.1;;;;;;;;;;;;;;;;;;;;;;
EX61;HUB_Thyrow_D1;2010;WW;;;4008.87;5691.635;;;;;;;;;;;;;;;;;;;;;;
EX62;HUB_Thyrow_D1;2010;PO;;;;;;;;;;;;;;;;;;;;;;;;;;
EX63;HUB_Thyrow_D1;2010;WC;;;3150.71;;;;;;;;;;;;;;;;;;;;;;;
EX65;HUB_Thyrow_D1;2010;WW;;;3878.38;5975.4;;;;;;;;;;;;;;;;;;;;;;
EX66;HUB_Thyrow_D1;2010;PO;;;;;;;;;;;;;;;;;;;;;;;;;;
EX67;HUB_Thyrow_D1;2010;WC;;;1379.97;;;;;;;;;;;;;;;;;;;;;;;
EX68;HUB_Thyrow_D1;2010;WR;;;1504.18;1872.7;;;;;;;;;;;;;;;;;;;;;;
EX69;HUB_Thyrow_D1;2010;WW;;;1265.24;2334.83;;;;;;;;;;;;;;;;;;;;;;
EX70;HUB_Thyrow_D1;2010;PO;;;;;;;;;;;;;;;;;;;;;;;;;;
EX71;HUB_Thyrow_D1;2010;WC;;;3107.99;;;;;;;;;;;;;;;;;;;;;;;
EX72;HUB_Thyrow_D1;2010;WR;;;4147.32;6658.98;;;;;;;;;;;;;;;;;;;;;;
EX73;HUB_Thyrow_D1;2010;WW;;;3927.69;5165.54;;;;;;;;;;;;;;;;;;;;;;
EX74;HUB_Thyrow_D1;2010;PO;;;;;;;;;;;;;;;;;;;;;;;;;;
EX75;HUB_Thyrow_D1;2010;WC;;;3446.14;;;;;;;;;;;;;;;;;;;;;;;
EX76;HUB_Thyrow_D1;2010;WR;;;5130.255;7822.79;;;;;;;;;;;;;;;;;;;;;;
EX77;HUB_Thyrow_D1;2010;WW;;;5714.155;7012.44;;;;;;;;;;;;;;;;;;;;;;
EX78;HUB_Thyrow_D1;2010;PO;;;;;;;;;;;;;;;;;;;;;;;;;;
EX79;HUB_Thyrow_D1;2010;WC;;;3308.87;;;;;;;;;;;;;;;;;;;;;;;
EX81;HUB_Thyrow_D1;2010;WW;;;5772.3;7233.49;;;;;;;;;;;;;;;;;;;;;;
EX82;HUB_Thyrow_D1;2011;PO;;;;;;;;;;;;;;;;;;;;;;;;;;
EX83;HUB_Thyrow_D1;2011;WC;;;271.99;;;;;;;;;;;;;;;;;;;;;;;
EX84;HUB_Thyrow_D1;2011;WR;;;1143.97;1327.15;;;;;;;;;;;;;;;;;;;;;;
EX85;HUB_Thyrow_D1;2011;WW;;;1200.78;818.23;;;;;;;;;;;;;;;;;;;;;;
EX86;HUB_Thyrow_D1;2011;PO;;;;;;;;;;;;;;;;;;;;;;;;;;
EX87;HUB_Thyrow_D1;2011;WC;;;990.3;;;;;;;;;;;;;;;;;;;;;;;
EX88;HUB_Thyrow_D1;2011;WR;;;3084.67;3445.36;;;;;;;;;;;;;;;;;;;;;;
EX89;HUB_Thyrow_D1;2011;WW;;;3397.58;2629.58;;;;;;;;;;;;;;;;;;;;;;
EX90;HUB_Thyrow_D1;2011;PO;;;;;;;;;;;;;;;;;;;;;;;;;;
EX91;HUB_Thyrow_D1;2011;WC;;;1291.26;;;;;;;;;;;;;;;;;;;;;;;
EX92;HUB_Thyrow_D1;2011;WR;;;3926.915;3943.37;;;;;;;;;;;;;;;;;;;;;;
EX93;HUB_Thyrow_D1;2011;WW;;;3775.07;2721.3;;;;;;;;;;;;;;;;;;;;;;
EX94;HUB_Thyrow_D1;2011;PO;;;;;;;;;;;;;;;;;;;;;;;;;;
EX95;HUB_Thyrow_D1;2011;WC;;;1302.86;;;;;;;;;;;;;;;;;;;;;;;
EX97;HUB_Thyrow_D1;2011;WW;;;3609.76;2644.1;;;;;;;;;;;;;;;;;;;;;;
EX98;HUB_Thyrow_D1;2011;PO;;;;;;;;;;;;;;;;;;;;;;;;;;
EX99;HUB_Thyrow_D1;2011;WC;;;593.64;;;;;;;;;;;;;;;;;;;;;;;
EX100;HUB_Thyrow_D1;2011;WR;;;1629.58;3476.09;;;;;;;;;;;;;;;;;;;;;;
EX101;HUB_Thyrow_D1;2011;WW;;;1363.17;994.22;;;;;;;;;;;;;;;;;;;;;;
EX102;HUB_Thyrow_D1;2011;PO;;;;;;;;;;;;;;;;;;;;;;;;;;
EX103;HUB_Thyrow_D1;2011;WC;;;1415.2;;;;;;;;;;;;;;;;;;;;;;;
EX104;HUB_Thyrow_D1;2011;WR;;;3836.7;4708.44;;;;;;;;;;;;;;;;;;;;;;
EX105;HUB_Thyrow_D1;2011;WW;;;4085.66;3312.46;;;;;;;;;;;;;;;;;;;;;;
EX106;HUB_Thyrow_D1;2011;PO;;;;;;;;;;;;;;;;;;;;;;;;;;
EX107;HUB_Thyrow_D1;2011;WC;;;2464.22;;;;;;;;;;;;;;;;;;;;;;;
EX108;HUB_Thyrow_D1;2011;WR;;;5777.24;5799.645;;;;;;;;;;;;;;;;;;;;;;
EX109;HUB_Thyrow_D1;2011;WW;;;5691.635;4309.105;;;;;;;;;;;;;;;;;;;;;;
EX110;HUB_Thyrow_D1;2011;PO;;;;;;;;;;;;;;;;;;;;;;;;;;
EX111;HUB_Thyrow_D1;2011;WC;;;2182.8;;;;;;;;;;;;;;;;;;;;;;;
EX113;HUB_Thyrow_D1;2011;WW;;;5246.8;4106.81;;;;;;;;;;;;;;;;;;;;;;
EX114;HUB_Thyrow_D1;2012;PO;;;;;;;;;;;;;;;;;;;;;;;;;;
EX115;HUB_Thyrow_D1;2012;WR;;;1514.77;1966.17;;;;;;;;;;;;;;;;;;;;;;
EX116;HUB_Thyrow_D1;2012;WW;;;873.33;581.01;;;;;;;;;;;;;;;;;;;;;;
EX117;HUB_Thyrow_D1;2012;PO;;;;;;;;;;;;;;;;;;;;;;;;;;
EX118;HUB_Thyrow_D1;2012;WC;;;812.2;;;;;;;;;;;;;;;;;;;;;;;
EX119;HUB_Thyrow_D1;2012;WR;;;3430.39;4180.41;;;;;;;;;;;;;;;;;;;;;;
EX120;HUB_Thyrow_D1;2012;WW;;;2687.72;2283.84;;;;;;;;;;;;;;;;;;;;;;
EX121;HUB_Thyrow_D1;2012;PO;;;;;;;;;;;;;;;;;;;;;;;;;;
EX122;HUB_Thyrow_D1;2012;WC;;;941.96;;;;;;;;;;;;;;;;;;;;;;;
EX123;HUB_Thyrow_D1;2012;WR;;;3918.03;4937.35;;;;;;;;;;;;;;;;;;;;;;
EX124;HUB_Thyrow_D1;2012;WW;;;2819.945;2924.52;;;;;;;;;;;;;;;;;;;;;;
EX125;HUB_Thyrow_D1;2012;PO;;;;;;;;;;;;;;;;;;;;;;;;;;
EX126;HUB_Thyrow_D1;2012;WC;;;993.73;;;;;;;;;;;;;;;;;;;;;;;
EX128;HUB_Thyrow_D1;2012;WW;;;2309.53;2735.28;;;;;;;;;;;;;;;;;;;;;;
EX129;HUB_Thyrow_D1;2012;PO;;;;;;;;;;;;;;;;;;;;;;;;;;
EX130;HUB_Thyrow_D1;2012;WR;;;2294.72;2801.7;;;;;;;;;;;;;;;;;;;;;;
EX131;HUB_Thyrow_D1;2012;WW;;;838.31;2214.3;;;;;;;;;;;;;;;;;;;;;;
EX132;HUB_Thyrow_D1;2012;PO;;;;;;;;;;;;;;;;;;;;;;;;;;
EX133;HUB_Thyrow_D1;2012;WC;;;879.96;;;;;;;;;;;;;;;;;;;;;;;
EX134;HUB_Thyrow_D1;2012;WR;;;3843.72;4674.33;;;;;;;;;;;;;;;;;;;;;;
EX135;HUB_Thyrow_D1;2012;WW;;;3208.05;2810.92;;;;;;;;;;;;;;;;;;;;;;
EX136;HUB_Thyrow_D1;2012;PO;;;;;;;;;;;;;;;;;;;;;;;;;;
EX137;HUB_Thyrow_D1;2012;WC;;;1486.34;;;;;;;;;;;;;;;;;;;;;;;
EX138;HUB_Thyrow_D1;2012;WR;;;4982.275;5923.42;;;;;;;;;;;;;;;;;;;;;;
EX139;HUB_Thyrow_D1;2012;WW;;;4368.025;3602.03;;;;;;;;;;;;;;;;;;;;;;
EX140;HUB_Thyrow_D1;2012;PO;;;;;;;;;;;;;;;;;;;;;;;;;;
EX141;HUB_Thyrow_D1;2012;WC;;;1546.31;;;;;;;;;;;;;;;;;;;;;;;
EX143;HUB_Thyrow_D1;2012;WW;;;3762.68;3211.12;;;;;;;;;;;;;;;;;;;;;;
EX144;HUB_Thyrow_D1;2013;PO;;;;;;;;;;;;;;;;;;;;;;;;;;
EX145;HUB_Thyrow_D1;2013;WC;;;1265.81;;;;;;;;;;;;;;;;;;;;;;;
EX146;HUB_Thyrow_D1;2013;WR;;;1761.09;2173.33;;;;;;;;;;;;;;;;;;;;;;
EX147;HUB_Thyrow_D1;2013;WW;;;782.11;904.79;;;;;;;;;;;;;;;;;;;;;;
EX148;HUB_Thyrow_D1;2013;PO;;;;;;;;;;;;;;;;;;;;;;;;;;
EX149;HUB_Thyrow_D1;2013;WC;;;3182.45;;;;;;;;;;;;;;;;;;;;;;;
EX150;HUB_Thyrow_D1;2013;WR;;;5147.83;3630.27;;;;;;;;;;;;;;;;;;;;;;
EX151;HUB_Thyrow_D1;2013;WW;;;3142.18;3507.58;;;;;;;;;;;;;;;;;;;;;;
EX152;HUB_Thyrow_D1;2013;PO;;;;;;;;;;;;;;;;;;;;;;;;;;
EX153;HUB_Thyrow_D1;2013;WC;;;3858.65;;;;;;;;;;;;;;;;;;;;;;;
EX154;HUB_Thyrow_D1;2013;WR;;;5939.24;5238.675;;;;;;;;;;;;;;;;;;;;;;
EX155;HUB_Thyrow_D1;2013;WW;;;4325.625;4465.675;;;;;;;;;;;;;;;;;;;;;;
EX156;HUB_Thyrow_D1;2013;PO;;;;;;;;;;;;;;;;;;;;;;;;;;
EX157;HUB_Thyrow_D1;2013;WC;;;3252.63;;;;;;;;;;;;;;;;;;;;;;;
EX159;HUB_Thyrow_D1;2013;WW;;;4472.21;4602.52;;;;;;;;;;;;;;;;;;;;;;
EX160;HUB_Thyrow_D1;2013;PO;;;;;;;;;;;;;;;;;;;;;;;;;;
EX161;HUB_Thyrow_D1;2013;WC;;;1021.4;;;;;;;;;;;;;;;;;;;;;;;
EX162;HUB_Thyrow_D1;2013;WR;;;2174.12;3172.8;;;;;;;;;;;;;;;;;;;;;;
EX163;HUB_Thyrow_D1;2013;WW;;;605.75;2622.29;;;;;;;;;;;;;;;;;;;;;;
EX164;HUB_Thyrow_D1;2013;PO;;;;;;;;;;;;;;;;;;;;;;;;;;
EX165;HUB_Thyrow_D1;2013;WC;;;2871.65;;;;;;;;;;;;;;;;;;;;;;;
EX166;HUB_Thyrow_D1;2013;WR;;;4524.43;4438.89;;;;;;;;;;;;;;;;;;;;;;
EX167;HUB_Thyrow_D1;2013;WW;;;3426.38;3997.21;;;;;;;;;;;;;;;;;;;;;;
EX168;HUB_Thyrow_D1;2013;PO;;;;;;;;;;;;;;;;;;;;;;;;;;
EX169;HUB_Thyrow_D1;2013;WC;;;3548.48;;;;;;;;;;;;;;;;;;;;;;;
EX170;HUB_Thyrow_D1;2013;WR;;;6138.775;5641.44;;;;;;;;;;;;;;;;;;;;;;
EX171;HUB_Thyrow_D1;2013;WW;;;4103.385;5481.235;;;;;;;;;;;;;;;;;;;;;;
EX172;HUB_Thyrow_D1;2013;PO;;;;;;;;;;;;;;;;;;;;;;;;;;
EX173;HUB_Thyrow_D1;2013;WC;;;3323.85;;;;;;;;;;;;;;;;;;;;;;;
EX175;HUB_Thyrow_D1;2013;WW;;;4139.76;5496.4;;;;;;;;;;;;;;;;;;;;;;
EX176;HUB_Thyrow_D1;2014;PO;;;;;;;;;;;;;;;;;;;;;;;;;;
EX177;HUB_Thyrow_D1;2014;WC;;;788.62;;;;;;;;;;;;;;;;;;;;;;;
EX178;HUB_Thyrow_D1;2014;WR;;;1689.35;1659.26;;;;;;;;;;;;;;;;;;;;;;
EX179;HUB_Thyrow_D1;2014;WW;;;1137.74;896;;;;;;;;;;;;;;;;;;;;;;
EX180;HUB_Thyrow_D1;2014;PO;;;;;;;;;;;;;;;;;;;;;;;;;;
EX181;HUB_Thyrow_D1;2014;WC;;;2330.53;;;;;;;;;;;;;;;;;;;;;;;
EX182;HUB_Thyrow_D1;2014;WR;;;4317.42;4750.37;;;;;;;;;;;;;;;;;;;;;;
EX183;HUB_Thyrow_D1;2014;WW;;;3825.5;3543.39;;;;;;;;;;;;;;;;;;;;;;
EX184;HUB_Thyrow_D1;2014;PO;;;;;;;;;;;;;;;;;;;;;;;;;;
EX185;HUB_Thyrow_D1;2014;WC;;;2783.89;;;;;;;;;;;;;;;;;;;;;;;
EX186;HUB_Thyrow_D1;2014;WR;;;5090.175;5897.37;;;;;;;;;;;;;;;;;;;;;;
EX187;HUB_Thyrow_D1;2014;WW;;;4635.075;4508.67;;;;;;;;;;;;;;;;;;;;;;
EX188;HUB_Thyrow_D1;2014;PO;;;;;;;;;;;;;;;;;;;;;;;;;;
EX189;HUB_Thyrow_D1;2014;WC;;;2456.06;;;;;;;;;;;;;;;;;;;;;;;
EX191;HUB_Thyrow_D1;2014;WW;;;4283.73;4467.29;;;;;;;;;;;;;;;;;;;;;;
EX192;HUB_Thyrow_D1;2014;PO;;;;;;;;;;;;;;;;;;;;;;;;;;
EX193;HUB_Thyrow_D1;2014;WC;;;1031.46;;;;;;;;;;;;;;;;;;;;;;;
EX194;HUB_Thyrow_D1;2014;WR;;;1346.63;3219.77;;;;;;;;;;;;;;;;;;;;;;
EX195;HUB_Thyrow_D1;2014;WW;;;1623.8;1549.1;;;;;;;;;;;;;;;;;;;;;;
EX196;HUB_Thyrow_D1;2014;PO;;;;;;;;;;;;;;;;;;;;;;;;;;
EX197;HUB_Thyrow_D1;2014;WC;;;2673.17;;;;;;;;;;;;;;;;;;;;;;;
EX198;HUB_Thyrow_D1;2014;WR;;;4589.58;5010.93;;;;;;;;;;;;;;;;;;;;;;
EX199;HUB_Thyrow_D1;2014;WW;;;4510.09;4098.87;;;;;;;;;;;;;;;;;;;;;;
EX200;HUB_Thyrow_D1;2014;PO;;;;;;;;;;;;;;;;;;;;;;;;;;
EX201;HUB_Thyrow_D1;2014;WC;;;3372.79;;;;;;;;;;;;;;;;;;;;;;;
EX202;HUB_Thyrow_D1;2014;WR;;;6030.435;6424.775;;;;;;;;;;;;;;;;;;;;;;
EX203;HUB_Thyrow_D1;2014;WW;;;6441.575;5944.72;;;;;;;;;;;;;;;;;;;;;;
EX204;HUB_Thyrow_D1;2014;PO;;;;;;;;;;;;;;;;;;;;;;;;;;
EX205;HUB_Thyrow_D1;2014;WC;;;3523.02;;;;;;;;;;;;;;;;;;;;;;;
EX207;HUB_Thyrow_D1;2014;WW;;;6142.1;5715.2;;;;;;;;;;;;;;;;;;;;;;
EX208;HUB_Thyrow_D1;2015;PO;;;;;;;;;;;;;;;;;;;;;;;;;;
EX209;HUB_Thyrow_D1;2015;WC;;;577.54;;;;;;;;;;;;;;;;;;;;;;;
EX210;HUB_Thyrow_D1;2015;WR;;;1523.31;1509.5;;;;;;;;;;;;;;;;;;;;;;
EX211;HUB_Thyrow_D1;2015;WW;;;1242.18;1557.62;;;;;;;;;;;;;;;;;;;;;;
EX212;HUB_Thyrow_D1;2015;PO;;;;;;;;;;;;;;;;;;;;;;;;;;
EX213;HUB_Thyrow_D1;2015;WC;;;1405.5;;;;;;;;;;;;;;;;;;;;;;;
EX214;HUB_Thyrow_D1;2015;WR;;;3495.96;3590.39;;;;;;;;;;;;;;;;;;;;;;
EX215;HUB_Thyrow_D1;2015;WW;;;3064.54;3113.43;;;;;;;;;;;;;;;;;;;;;;
EX216;HUB_Thyrow_D1;2015;PO;;;;;;;;;;;;;;;;;;;;;;;;;;
EX217;HUB_Thyrow_D1;2015;WC;;;1832.03;;;;;;;;;;;;;;;;;;;;;;;
EX218;HUB_Thyrow_D1;2015;WR;;;4862.845;5053.365;;;;;;;;;;;;;;;;;;;;;;
EX219;HUB_Thyrow_D1;2015;WW;;;3479.8;4312.66;;;;;;;;;;;;;;;;;;;;;;
EX220;HUB_Thyrow_D1;2015;PO;;;;;;;;;;;;;;;;;;;;;;;;;;
EX221;HUB_Thyrow_D1;2015;WC;;;1766.39;;;;;;;;;;;;;;;;;;;;;;;
EX223;HUB_Thyrow_D1;2015;WW;;;3348.01;4091.73;;;;;;;;;;;;;;;;;;;;;;
EX224;HUB_Thyrow_D1;2015;PO;;;;;;;;;;;;;;;;;;;;;;;;;;
EX225;HUB_Thyrow_D1;2015;WC;;;720.87;;;;;;;;;;;;;;;;;;;;;;;
EX226;HUB_Thyrow_D1;2015;WR;;;1633.88;3067.49;;;;;;;;;;;;;;;;;;;;;;
EX227;HUB_Thyrow_D1;2015;WW;;;1811.6;2420.32;;;;;;;;;;;;;;;;;;;;;;
EX228;HUB_Thyrow_D1;2015;PO;;;;;;;;;;;;;;;;;;;;;;;;;;
EX229;HUB_Thyrow_D1;2015;WC;;;2012.8;;;;;;;;;;;;;;;;;;;;;;;
EX230;HUB_Thyrow_D1;2015;WR;;;4044.34;4802.79;;;;;;;;;;;;;;;;;;;;;;
EX231;HUB_Thyrow_D1;2015;WW;;;4740.02;5494.61;;;;;;;;;;;;;;;;;;;;;;
EX232;HUB_Thyrow_D1;2015;PO;;;;;;;;;;;;;;;;;;;;;;;;;;
EX233;HUB_Thyrow_D1;2015;WC;;;2875.63;;;;;;;;;;;;;;;;;;;;;;;
EX234;HUB_Thyrow_D1;2015;WR;;;6856.995;6839.005;;;;;;;;;;;;;;;;;;;;;;
EX235;HUB_Thyrow_D1;2015;WW;;;6384.945;6548.69;;;;;;;;;;;;;;;;;;;;;;
EX236;HUB_Thyrow_D1;2015;PO;;;;;;;;;;;;;;;;;;;;;;;;;;
EX237;HUB_Thyrow_D1;2015;WC;;;2648.2;;;;;;;;;;;;;;;;;;;;;;;
EX239;HUB_Thyrow_D1;2015;WW;;;6388.29;6227.28;;;;;;;;;;;;;;;;;;;;;;
EX240;HUB_Thyrow_D1;2016;PO;;;;;;;;;;;;;;;;;;;;;;;;;;
EX241;HUB_Thyrow_D1;2016;WC;;;811.17;;;;;;;;;;;;;;;;;;;;;;;
EX242;HUB_Thyrow_D1;2016;WR;;;1372.45;1926.81;;;;;;;;;;;;;;;;;;;;;;
EX243;HUB_Thyrow_D1;2016;WW;;;1105.47;1384.11;;;;;;;;;;;;;;;;;;;;;;
EX244;HUB_Thyrow_D1;2016;PO;;;;;;;;;;;;;;;;;;;;;;;;;;
EX245;HUB_Thyrow_D1;2016;WC;;;1539.45;;;;;;;;;;;;;;;;;;;;;;;
EX246;HUB_Thyrow_D1;2016;WR;;;3545.42;4133.42;;;;;;;;;;;;;;;;;;;;;;
EX247;HUB_Thyrow_D1;2016;WW;;;2722.13;3401.13;;;;;;;;;;;;;;;;;;;;;;
EX248;HUB_Thyrow_D1;2016;PO;;;;;;;;;;;;;;;;;;;;;;;;;;
EX249;HUB_Thyrow_D1;2016;WC;;;1469.73;;;;;;;;;;;;;;;;;;;;;;;
EX250;HUB_Thyrow_D1;2016;WR;;;5203.33;5404.745;;;;;;;;;;;;;;;;;;;;;;
EX251;HUB_Thyrow_D1;2016;WW;;;3336.82;3951.985;;;;;;;;;;;;;;;;;;;;;;
EX252;HUB_Thyrow_D1;2016;PO;;;;;;;;;;;;;;;;;;;;;;;;;;
EX253;HUB_Thyrow_D1;2016;WC;;;1320.3;;;;;;;;;;;;;;;;;;;;;;;
EX255;HUB_Thyrow_D1;2016;WW;;;3461.1;3963.88;;;;;;;;;;;;;;;;;;;;;;
EX256;HUB_Thyrow_D1;2016;PO;;;;;;;;;;;;;;;;;;;;;;;;;;
EX257;HUB_Thyrow_D1;2016;WC;;;1379.49;;;;;;;;;;;;;;;;;;;;;;;
EX258;HUB_Thyrow_D1;2016;WR;;;1937.14;3530.01;;;;;;;;;;;;;;;;;;;;;;
EX259;HUB_Thyrow_D1;2016;WW;;;1306.18;2658.24;;;;;;;;;;;;;;;;;;;;;;
EX260;HUB_Thyrow_D1;2016;PO;;;;;;;;;;;;;;;;;;;;;;;;;;
EX261;HUB_Thyrow_D1;2016;WC;;;2148.18;;;;;;;;;;;;;;;;;;;;;;;
EX262;HUB_Thyrow_D1;2016;WR;;;4398.47;5761.31;;;;;;;;;;;;;;;;;;;;;;
EX263;HUB_Thyrow_D1;2016;WW;;;3063.67;4351.4;;;;;;;;;;;;;;;;;;;;;;
EX264;HUB_Thyrow_D1;2016;PO;;;;;;;;;;;;;;;;;;;;;;;;;;
EX265;HUB_Thyrow_D1;2016;WC;;;2467.94;;;;;;;;;;;;;;;;;;;;;;;
EX266;HUB_Thyrow_D1;2016;WR;;;6030.72;6666.655;;;;;;;;;;;;;;;;;;;;;;
EX267;HUB_Thyrow_D1;2016;WW;;;4984.9;5902.68;;;;;;;;;;;;;;;;;;;;;;
EX268;HUB_Thyrow_D1;2016;PO;;;;;;;;;;;;;;;;;;;;;;;;;;
EX269;HUB_Thyrow_D1;2016;WC;;;2572.89;;;;;;;;;;;;;;;;;;;;;;;
EX270;HUB_Thyrow_D1;2016;WR;;;5819.6;6360.14;;;;;;;;;;;;;;;;;;;;;;
EX271;HUB_Thyrow_D1;2016;WW;;;5033.19;5882.08;;;;;;;;;;;;;;;;;;;;;;
EX272;HUB_Thyrow_D1;2017;PO;;;;;;;;;;;;;;;;;;;;;;;;;;
EX274;HUB_Thyrow_D1;2017;WW;;;1104.58;1366.52;;;;;;;;;;;;;;;;;;;;;;
EX275;HUB_Thyrow_D1;2017;PO;;;;;;;;;;;;;;;;;;;;;;;;;;
EX276;HUB_Thyrow_D1;2017;WC;;;1203.23;;;;;;;;;;;;;;;;;;;;;;;
EX277;HUB_Thyrow_D1;2017;WR;;;2940.91;3819.75;;;;;;;;;;;;;;;;;;;;;;
EX278;HUB_Thyrow_D1;2017;WW;;;2642.64;3058.09;;;;;;;;;;;;;;;;;;;;;;
EX279;HUB_Thyrow_D1;2017;PO;;;;;;;;;;;;;;;;;;;;;;;;;;
EX280;HUB_Thyrow_D1;2017;WC;;;1395.12;;;;;;;;;;;;;;;;;;;;;;;
EX281;HUB_Thyrow_D1;2017;WR;;;3414.36;5263.385;;;;;;;;;;;;;;;;;;;;;;
EX282;HUB_Thyrow_D1;2017;WW;;;3591.66;4231.055;;;;;;;;;;;;;;;;;;;;;;
EX283;HUB_Thyrow_D1;2017;PO;;;;;;;;;;;;;;;;;;;;;;;;;;
EX284;HUB_Thyrow_D1;2017;WC;;;1287.48;;;;;;;;;;;;;;;;;;;;;;;
EX286;HUB_Thyrow_D1;2017;WW;;;3390.92;3853.06;;;;;;;;;;;;;;;;;;;;;;
EX287;HUB_Thyrow_D1;2017;WR;;;1631.42;2130.36;;;;;;;;;;;;;;;;;;;;;;
EX288;HUB_Thyrow_D1;2017;WW;;;1336.16;2490.88;;;;;;;;;;;;;;;;;;;;;;
EX289;HUB_Thyrow_D1;2017;WC;;;1424.64;;;;;;;;;;;;;;;;;;;;;;;
EX290;HUB_Thyrow_D1;2017;WR;;;3544.74;4527.49;;;;;;;;;;;;;;;;;;;;;;
EX291;HUB_Thyrow_D1;2017;WW;;;3843.2;4378.94;;;;;;;;;;;;;;;;;;;;;;
EX292;HUB_Thyrow_D1;2017;WC;;;2035.94;;;;;;;;;;;;;;;;;;;;;;;
EX293;HUB_Thyrow_D1;2017;WR;;;4940.895;6350.96;;;;;;;;;;;;;;;;;;;;;;
EX294;HUB_Thyrow_D1;2017;WW;;;5224.055;5783.275;;;;;;;;;;;;;;;;;;;;;;
EX295;HUB_Thyrow_D1;2017;WC;;;2104.42;;;;;;;;;;;;;;;;;;;;;;;
EX297;HUB_Thyrow_D1;2017;WW;;;4851.32;5374.35;;;;;;;;;;;;;;;;;;;;;;
EX298;HUB_Thyrow_D1;2018;PO;;;;;;;;;;;;;;;;;;;;;;;;;;
EX299;HUB_Thyrow_D1;2018;WR;;;1061.69;1604.44;;;;;;;;;;;;;;;;;;;;;;
EX300;HUB_Thyrow_D1;2018;WW;;;1170.38;1005.84;;;;;;;;;;;;;;;;;;;;;;
EX301;HUB_Thyrow_D1;2018;PO;;;;;;;;;;;;;;;;;;;;;;;;;;
EX302;HUB_Thyrow_D1;2018;WC;;;922.55;;;;;;;;;;;;;;;;;;;;;;;
EX303;HUB_Thyrow_D1;2018;WR;;;2540.64;4523.04;;;;;;;;;;;;;;;;;;;;;;
EX304;HUB_Thyrow_D1;2018;WW;;;2327.11;2371.74;;;;;;;;;;;;;;;;;;;;;;
EX305;HUB_Thyrow_D1;2018;PO;;;;;;;;;;;;;;;;;;;;;;;;;;
EX306;HUB_Thyrow_D1;2018;WC;;;993.49;;;;;;;;;;;;;;;;;;;;;;;
EX307;HUB_Thyrow_D1;2018;WR;;;2430.35;4781.92;;;;;;;;;;;;;;;;;;;;;;
EX308;HUB_Thyrow_D1;2018;WW;;;2020.975;2278.675;;;;;;;;;;;;;;;;;;;;;;
EX309;HUB_Thyrow_D1;2018;PO;;;;;;;;;;;;;;;;;;;;;;;;;;
EX310;HUB_Thyrow_D1;2018;WC;;;909.16;;;;;;;;;;;;;;;;;;;;;;;
EX312;HUB_Thyrow_D1;2018;WW;;;2107.32;2315.44;;;;;;;;;;;;;;;;;;;;;;
EX313;HUB_Thyrow_D1;2018;PO;;;;;;;;;;;;;;;;;;;;;;;;;;
EX314;HUB_Thyrow_D1;2018;WR;;;1321.74;2437.17;;;;;;;;;;;;;;;;;;;;;;
EX315;HUB_Thyrow_D1;2018;WW;;;1657.92;2616.92;;;;;;;;;;;;;;;;;;;;;;
EX316;HUB_Thyrow_D1;2018;PO;;;;;;;;;;;;;;;;;;;;;;;;;;
EX317;HUB_Thyrow_D1;2018;WC;;;1178.85;;;;;;;;;;;;;;;;;;;;;;;
EX318;HUB_Thyrow_D1;2018;WR;;;3822.22;5646.23;;;;;;;;;;;;;;;;;;;;;;
EX319;HUB_Thyrow_D1;2018;WW;;;3700.27;3308.36;;;;;;;;;;;;;;;;;;;;;;
EX320;HUB_Thyrow_D1;2018;PO;;;;;;;;;;;;;;;;;;;;;;;;;;
EX321;HUB_Thyrow_D1;2018;WC;;;1824.88;;;;;;;;;;;;;;;;;;;;;;;
EX322;HUB_Thyrow_D1;2018;WR;;;5047.54;6333.4;;;;;;;;;;;;;;;;;;;;;;
EX323;HUB_Thyrow_D1;2018;WW;;;4260.895;3643.055;;;;;;;;;;;;;;;;;;;;;;
EX324;HUB_Thyrow_D1;2018;PO;;;;;;;;;;;;;;;;;;;;;;;;;;
EX325;HUB_Thyrow_D1;2018;WC;;;1653.7;;;;;;;;;;;;;;;;;;;;;;;
EX327;HUB_Thyrow_D1;2018;WW;;;4132.32;3516.68;;;;;;;;;;;;;;;;;;;;;;
EX328;HUB_Thyrow_D1;2019;PO;;;;;;;;;;;;;;;;;;;;;;;;;;
EX329;HUB_Thyrow_D1;2019;WC;;;311.89;;;;;;;;;;;;;;;;;;;;;;;
EX331;HUB_Thyrow_D1;2019;WW;;;1135.71;1856.57;;;;;;;;;;;;;;;;;;;;;;
EX332;HUB_Thyrow_D1;2019;PO;;;;;;;;;;;;;;;;;;;;;;;;;;
EX333;HUB_Thyrow_D1;2019;WC;;;1012.29;;;;;;;;;;;;;;;;;;;;;;;
EX335;HUB_Thyrow_D1;2019;WW;;;2771.23;4043.64;;;;;;;;;;;;;;;;;;;;;;
EX336;HUB_Thyrow_D1;2019;PO;;;;;;;;;;;;;;;;;;;;;;;;;;
EX337;HUB_Thyrow_D1;2019;WC;;;1498.01;;;;;;;;;;;;;;;;;;;;;;;
EX338;HUB_Thyrow_D1;2019;WR;;;4109.335;6433.91;;;;;;;;;;;;;;;;;;;;;;
EX339;HUB_Thyrow_D1;2019;WW;;;3287.79;4539.72;;;;;;;;;;;;;;;;;;;;;;
EX340;HUB_Thyrow_D1;2019;PO;;;;;;;;;;;;;;;;;;;;;;;;;;
EX341;HUB_Thyrow_D1;2019;WC;;;1140.67;;;;;;;;;;;;;;;;;;;;;;;
EX343;HUB_Thyrow_D1;2019;WW;;;3355.02;4588.65;;;;;;;;;;;;;;;;;;;;;;
EX344;HUB_Thyrow_D1;2019;PO;;;;;;;;;;;;;;;;;;;;;;;;;;
EX345;HUB_Thyrow_D1;2019;WC;;;245.26;;;;;;;;;;;;;;;;;;;;;;;
EX347;HUB_Thyrow_D1;2019;WW;;;1478.02;3094.46;;;;;;;;;;;;;;;;;;;;;;
EX348;HUB_Thyrow_D1;2019;PO;;;;;;;;;;;;;;;;;;;;;;;;;;
EX349;HUB_Thyrow_D1;2019;WC;;;1155.17;;;;;;;;;;;;;;;;;;;;;;;
EX351;HUB_Thyrow_D1;2019;WW;;;4081.3;5888.86;;;;;;;;;;;;;;;;;;;;;;
EX352;HUB_Thyrow_D1;2019;PO;;;;;;;;;;;;;;;;;;;;;;;;;;
EX353;HUB_Thyrow_D1;2019;WC;;;1766.26;;;;;;;;;;;;;;;;;;;;;;;
EX355;HUB_Thyrow_D1;2019;WW;;;5432.85;7280.46;;;;;;;;;;;;;;;;;;;;;;
EX356;HUB_Thyrow_D1;2019;PO;;;;;;;;;;;;;;;;;;;;;;;;;;
EX357;HUB_Thyrow_D1;2019;WC;;;1588.94;;;;;;;;;;;;;;;;;;;;;;;
EX359;HUB_Thyrow_D1;2019;WW;;;5421.63;7274.7;;;;;;;;;;;;;;;;;;;;;;
EX360;HUB_Thyrow_D1;2020;PO;;;;;;;;;;;;;;;;;;;;;;;;;;
EX361;HUB_Thyrow_D1;2020;WC;;;182.31;;;;;;;;;;;;;;;;;;;;;;;
EX363;HUB_Thyrow_D1;2020;WW;;;879.22;1134.74;;;;;;;;;;;;;;;;;;;;;;
EX364;HUB_Thyrow_D1;2020;PO;;;;;;;;;;;;;;;;;;;;;;;;;;
EX365;HUB_Thyrow_D1;2020;WC;;;750.42;;;;;;;;;;;;;;;;;;;;;;;
EX366;HUB_Thyrow_D1;2020;WR;;;3843.66;3590.7;;;;;;;;;;;;;;;;;;;;;;
EX367;HUB_Thyrow_D1;2020;WW;;;2316.72;2503.35;;;;;;;;;;;;;;;;;;;;;;
EX368;HUB_Thyrow_D1;2020;PO;;;;;;;;;;;;;;;;;;;;;;;;;;
EX369;HUB_Thyrow_D1;2020;WC;;;528.34;;;;;;;;;;;;;;;;;;;;;;;
EX370;HUB_Thyrow_D1;2020;WR;;;4545.72;4339.2;;;;;;;;;;;;;;;;;;;;;;
EX371;HUB_Thyrow_D1;2020;WW;;;2305.435;3252.695;;;;;;;;;;;;;;;;;;;;;;
EX372;HUB_Thyrow_D1;2020;PO;;;;;;;;;;;;;;;;;;;;;;;;;;
EX373;HUB_Thyrow_D1;2020;WC;;;561.93;;;;;;;;;;;;;;;;;;;;;;;
EX375;HUB_Thyrow_D1;2020;WW;;;2246.4;2759.6;;;;;;;;;;;;;;;;;;;;;;
EX376;HUB_Thyrow_D1;2020;PO;;;;;;;;;;;;;;;;;;;;;;;;;;
EX377;HUB_Thyrow_D1;2020;WC;;;263.21;;;;;;;;;;;;;;;;;;;;;;;
EX378;HUB_Thyrow_D1;2020;WR;;;1586.08;3863.03;;;;;;;;;;;;;;;;;;;;;;
EX379;HUB_Thyrow_D1;2020;WW;;;1458.06;1676.59;;;;;;;;;;;;;;;;;;;;;;
EX380;HUB_Thyrow_D1;2020;PO;;;;;;;;;;;;;;;;;;;;;;;;;;
EX381;HUB_Thyrow_D1;2020;WC;;;1345.68;;;;;;;;;;;;;;;;;;;;;;;
EX382;HUB_Thyrow_D1;2020;WR;;;4151.53;5815.51;;;;;;;;;;;;;;;;;;;;;;
EX383;HUB_Thyrow_D1;2020;WW;;;3642.65;4395.73;;;;;;;;;;;;;;;;;;;;;;
EX384;HUB_Thyrow_D1;2020;PO;;;;;;;;;;;;;;;;;;;;;;;;;;
EX385;HUB_Thyrow_D1;2020;WC;;;1229.97;;;;;;;;;;;;;;;;;;;;;;;
EX386;HUB_Thyrow_D1;2020;WR;;;5871.21;7354.62;;;;;;;;;;;;;;;;;;;;;;
EX387;HUB_Thyrow_D1;2020;WW;;;4994.325;5298.395;;;;;;;;;;;;;;;;;;;;;;
EX388;HUB_Thyrow_D1;2020;PO;;;;;;;;;;;;;;;;;;;;;;;;;;
EX389;HUB_Thyrow_D1;2020;WC;;;1592.01;;;;;;;;;;;;;;;;;;;;;;;
EX391;HUB_Thyrow_D1;2020;WW;;;4871.02;5704.94;;;;;;;;;;;;;;;;;;;;;;
EX392;HUB_Thyrow_D1;2021;PO;;;;;;;;;;;;;;;;;;;;;;;;;;
EX393;HUB_Thyrow_D1;2021;WC;;;124.79;;;;;;;;;;;;;;;;;;;;;;;
EX394;HUB_Thyrow_D1;2021;WR;;;1332.54;6711.16;;;;;;;;;;;;;;;;;;;;;;
EX395;HUB_Thyrow_D1;2021;WW;;;898.28;1045.93;;;;;;;;;;;;;;;;;;;;;;
EX396;HUB_Thyrow_D1;2021;PO;;;;;;;;;;;;;;;;;;;;;;;;;;
EX397;HUB_Thyrow_D1;2021;WC;;;421.13;;;;;;;;;;;;;;;;;;;;;;;
EX398;HUB_Thyrow_D1;2021;WR;;;3096.26;5770.18;;;;;;;;;;;;;;;;;;;;;;
EX399;HUB_Thyrow_D1;2021;WW;;;1672.55;4382.89;;;;;;;;;;;;;;;;;;;;;;
EX400;HUB_Thyrow_D1;2021;PO;;;;;;;;;;;;;;;;;;;;;;;;;;
EX401;HUB_Thyrow_D1;2021;WC;;;420.87;;;;;;;;;;;;;;;;;;;;;;;
EX402;HUB_Thyrow_D1;2021;WR;;;4344.89;7311.835;;;;;;;;;;;;;;;;;;;;;;
EX403;HUB_Thyrow_D1;2021;WW;;;3497.93;5459.9;;;;;;;;;;;;;;;;;;;;;;
EX404;HUB_Thyrow_D1;2021;PO;;;;;;;;;;;;;;;;;;;;;;;;;;
EX405;HUB_Thyrow_D1;2021;WC;;;223.78;;;;;;;;;;;;;;;;;;;;;;;
EX407;HUB_Thyrow_D1;2021;WW;;;2516.55;4921.39;;;;;;;;;;;;;;;;;;;;;;
EX408;HUB_Thyrow_D1;2021;PO;;;;;;;;;;;;;;;;;;;;;;;;;;
EX409;HUB_Thyrow_D1;2021;WC;;;356.39;;;;;;;;;;;;;;;;;;;;;;;
EX410;HUB_Thyrow_D1;2021;WR;;;898.28;1397.92;;;;;;;;;;;;;;;;;;;;;;
EX411;HUB_Thyrow_D1;2021;WW;;;1332.54;4275.07;;;;;;;;;;;;;;;;;;;;;;
EX412;HUB_Thyrow_D1;2021;PO;;;;;;;;;;;;;;;;;;;;;;;;;;
EX413;HUB_Thyrow_D1;2021;WC;;;1067.52;;;;;;;;;;;;;;;;;;;;;;;
EX414;HUB_Thyrow_D1;2021;WR;;;1895.3;4163.72;;;;;;;;;;;;;;;;;;;;;;
EX415;HUB_Thyrow_D1;2021;WW;;;1849.96;5003.68;;;;;;;;;;;;;;;;;;;;;;
EX416;HUB_Thyrow_D1;2021;PO;;;;;;;;;;;;;;;;;;;;;;;;;;
EX417;HUB_Thyrow_D1;2021;WC;;;1442.48;;;;;;;;;;;;;;;;;;;;;;;
EX418;HUB_Thyrow_D1;2021;WR;;;1908.67;5967.35;;;;;;;;;;;;;;;;;;;;;;
EX419;HUB_Thyrow_D1;2021;WW;;;3852.325;5740.735;;;;;;;;;;;;;;;;;;;;;;
EX420;HUB_Thyrow_D1;2021;PO;;;;;;;;;;;;;;;;;;;;;;;;;;
EX421;HUB_Thyrow_D1;2021;WC;;;1412.97;;;;;;;;;;;;;;;;;;;;;;;
EX423;HUB_Thyrow_D1;2021;WW;;;2964.63;5701.62;;;;;;;;;;;;;;;;;;;;;;
EX424;HUB_Thyrow_D1;2022;PO;;;;;;;;;;;;;;;;;;;;;;;;;;
EX425;HUB_Thyrow_D1;2022;WR;;;1124.29;1914.94;;;;;;;;;;;;;;;;;;;;;;
EX426;HUB_Thyrow_D1;2022;WW;;;783.44;829.81;;;;;;;;;;;;;;;;;;;;;;
EX427;HUB_Thyrow_D1;2022;PO;;;;;;;;;;;;;;;;;;;;;;;;;;
EX428;HUB_Thyrow_D1;2022;WC;;;196.02;;;;;;;;;;;;;;;;;;;;;;;
EX429;HUB_Thyrow_D1;2022;WR;;;2718.54;4049.48;;;;;;;;;;;;;;;;;;;;;;
EX430;HUB_Thyrow_D1;2022;WW;;;2338.83;2469.59;;;;;;;;;;;;;;;;;;;;;;
EX431;HUB_Thyrow_D1;2022;PO;;;;;;;;;;;;;;;;;;;;;;;;;;
EX432;HUB_Thyrow_D1;2022;WC;;;550.38;;;;;;;;;;;;;;;;;;;;;;;
EX433;HUB_Thyrow_D1;2022;WR;;;2980.655;4528.675;;;;;;;;;;;;;;;;;;;;;;
EX434;HUB_Thyrow_D1;2022;WW;;;2551.035;2781.075;;;;;;;;;;;;;;;;;;;;;;
EX435;HUB_Thyrow_D1;2022;PO;;;;;;;;;;;;;;;;;;;;;;;;;;
EX436;HUB_Thyrow_D1;2022;WC;;;407.84;;;;;;;;;;;;;;;;;;;;;;;
EX438;HUB_Thyrow_D1;2022;WW;;;2552.36;2779.4;;;;;;;;;;;;;;;;;;;;;;
EX439;HUB_Thyrow_D1;2022;PO;;;;;;;;;;;;;;;;;;;;;;;;;;
EX440;HUB_Thyrow_D1;2022;WR;;;1374.57;1549.86;;;;;;;;;;;;;;;;;;;;;;
EX441;HUB_Thyrow_D1;2022;WW;;;1055.02;1311.54;;;;;;;;;;;;;;;;;;;;;;
EX442;HUB_Thyrow_D1;2022;PO;;;;;;;;;;;;;;;;;;;;;;;;;;
EX443;HUB_Thyrow_D1;2022;WC;;;868.23;;;;;;;;;;;;;;;;;;;;;;;
EX444;HUB_Thyrow_D1;2022;WR;;;4078.81;4358.76;;;;;;;;;;;;;;;;;;;;;;
EX445;HUB_Thyrow_D1;2022;WW;;;3412.68;2985.2;;;;;;;;;;;;;;;;;;;;;;
EX446;HUB_Thyrow_D1;2022;PO;;;;;;;;;;;;;;;;;;;;;;;;;;
EX447;HUB_Thyrow_D1;2022;WC;;;938.32;;;;;;;;;;;;;;;;;;;;;;;
EX448;HUB_Thyrow_D1;2022;WR;;;5489.35;4742.86;;;;;;;;;;;;;;;;;;;;;;
EX449;HUB_Thyrow_D1;2022;WW;;;4345.405;3486.89;;;;;;;;;;;;;;;;;;;;;;
EX450;HUB_Thyrow_D1;2022;PO;;;;;;;;;;;;;;;;;;;;;;;;;;
EX451;HUB_Thyrow_D1;2022;WC;;;1003.17;;;;;;;;;;;;;;;;;;;;;;;
EX453;HUB_Thyrow_D1;2022;WW;;;4253.53;3542.32;;;;;;;;;;;;;;;;;;;;;;
EX454;TI_Braunschweig_FACE;2000;WB;16366.47;1.35;9281.34;1409.3;01.10.1999;31.03.2000;09.05.2000;26.06.2000;;;;;;;;;;;;;;;;;;
EX455;TI_Braunschweig_FACE;2000;WB;18150.25;1.17;10233.13;1540.98;01.10.1999;31.03.2000;09.05.2000;20.06.2000;;;;;;;;;;;;;;;;;;
EX456;TI_Braunschweig_FACE;2000;WB;13630.93;1.11;7810.34;1220;01.10.1999;31.03.2000;09.05.2000;26.06.2000;;;;;;;;;;;;;;;;;;
EX457;TI_Braunschweig_FACE;2000;WB;15463.66;0.96;8504.5;1286.61;01.10.1999;31.03.2000;09.05.2000;20.06.2000;;;;;;;;;;;;;;;;;;
EX458;TI_Braunschweig_FACE;2001;ZU;22944.77;1.14;;;30.04.2001;;;;;;;;;;;;;;;;;;;;;
EX459;TI_Braunschweig_FACE;2001;ZU;24814.49;1.03;;;30.04.2001;;;;;;;;;;;;;;;;;;;;;
EX460;TI_Braunschweig_FACE;2001;ZU;19186.83;0.94;;;30.04.2001;;;;;;;;;;;;;;;;;;;;;
EX461;TI_Braunschweig_FACE;2001;ZU;20357.32;0.88;;;30.04.2001;;;;;;;;;;;;;;;;;;;;;
EX462;TI_Braunschweig_FACE;2002;WW;12720.57;1.57;5703.92;4469.3;05.12.2001;30.04.2002;12.06.2002;29.07.2002;;;;;;;;;;;;;;;;;;
EX463;TI_Braunschweig_FACE;2002;WW;14556.05;1.5;6585.25;5050.85;05.12.2001;30.04.2002;12.06.2002;;;;;;;;;;;;;;;;;;;
EX464;TI_Braunschweig_FACE;2002;WW;11625.18;1.28;5315.43;3997.81;05.12.2001;30.04.2002;12.06.2002;29.07.2002;;;;;;;;;;;;;;;;;;
EX465;TI_Braunschweig_FACE;2002;WW;12920.62;1.16;5941.05;4381.6;05.12.2001;30.04.2002;12.06.2002;;;;;;;;;;;;;;;;;;;
EX466;TI_Braunschweig_FACE;2003;WB;12741.77;1.46;5897.05;3944.54;04.10.2002;25.04.2003;26.05.2003;25.06.2003;;;;;;;;;;;;;;;;;;
EX467;TI_Braunschweig_FACE;2003;WB;14975.63;1.3;6870.19;4687.39;04.10.2002;25.04.2003;26.05.2003;25.06.2003;;;;;;;;;;;;;;;;;;
EX468;TI_Braunschweig_FACE;2003;WB;10296.89;1.23;4741.91;3181.17;04.10.2002;25.04.2003;26.05.2003;25.06.2003;;;;;;;;;;;;;;;;;;
EX469;TI_Braunschweig_FACE;2003;WB;12268.08;1.09;5578.31;4079.59;04.10.2002;25.04.2003;26.05.2003;25.06.2003;;;;;;;;;;;;;;;;;;
EX470;TI_Braunschweig_FACE;2004;ZU;23716.44;1.02;;;26.04.2004;;;;;;;;;;;;;;;;;;;;;
EX471;TI_Braunschweig_FACE;2004;ZU;25277.52;0.89;;;26.04.2004;;;;;;;;;;;;;;;;;;;;;
EX472;TI_Braunschweig_FACE;2004;ZU;19705.94;0.81;;;26.04.2004;;;;;;;;;;;;;;;;;;;;;
EX473;TI_Braunschweig_FACE;2004;ZU;23884.36;0.82;;;26.04.2004;;;;;;;;;;;;;;;;;;;;;
EX474;TI_Braunschweig_FACE;2005;WW;16833.9;1.39;8381.14;5673.09;16.11.2004;25.04.2005;09.06.2005;01.08.2005;;;;;;;;;;;;;;;;;;
EX475;TI_Braunschweig_FACE;2005;WW;19376.44;1.14;9704.07;6376.14;16.11.2004;25.04.2005;09.06.2005;01.08.2005;;;;;;;;;;;;;;;;;;
EX476;TI_Braunschweig_FACE;2005;WW;14103.02;1.01;7310.46;4498.58;16.11.2004;25.04.2005;09.06.2005;01.08.2005;;;;;;;;;;;;;;;;;;
EX477;TI_Braunschweig_FACE;2005;WW;14720.88;0.92;7575.55;4761.91;16.11.2004;25.04.2005;09.06.2005;01.08.2005;;;;;;;;;;;;;;;;;;
EX478;TI_Braunschweig_FACE;2007;SM;21381.35;0.97;10375.53;5756.67;15.05.2007;;17.07.2007;;;;;;;;;;;;;;;;;;;
EX479;TI_Braunschweig_FACE;2007;SM;21840.01;1.04;10292.98;6067.31;15.05.2007;;17.07.2007;;;;;;;;;;;;;;;;;;;
EX480;TI_Braunschweig_FACE;2007;SM;21390.1;1.04;10039.45;6127.81;15.05.2007;;17.07.2007;;;;;;;;;;;;;;;;;;;
EX481;TI_Braunschweig_FACE;2007;SM;21525.68;1.03;10170.3;6111.82;15.05.2007;;17.07.2007;;;;;;;;;;;;;;;;;;;
EX482;TI_Braunschweig_FACE;2008;SM;16090.44;;6812.13;5503.27;16.05.2008;;25.07.2008;;;;;;;;;;;;;;;;;;;
EX483;TI_Braunschweig_FACE;2008;SM;19919.83;;9571.1;6009.85;16.05.2008;;25.07.2008;;;;;;;;;;;;;;;;;;;
EX484;TI_Braunschweig_FACE;2008;SM;22478.24;;11252.81;6223.62;16.05.2008;;25.07.2008;;;;;;;;;;;;;;;;;;;
EX485;TI_Braunschweig_FACE;2008;SM;22477.22;;11168.56;6316;16.05.2008;;25.07.2008;;;;;;;;;;;;;;;;;;;
EX486;ZALF_Muencheberg_V4;2008;SM;12488.015;1.525;;;07.05.2008;18.06.2008;14.07.2008;05.09.2008;;;;;;;;;;;;;7.42;4.856;;20.691;4.694;
EX487;ZALF_Muencheberg_V4;2008;SM;11940.255;1.545;;;07.05.2008;18.06.2008;14.07.2008;05.09.2008;;;;;;;;;;;;;7.213;4.733;;30.058;15.596;
EX488;ZALF_Muencheberg_V4;2008;SM;21457.855;1.255;;;07.05.2008;18.06.2008;14.07.2008;05.09.2008;;;;;;;;;;;;;7.196;5.255;;20.016;2.257;
EX489;ZALF_Muencheberg_V4;2008;SM;20598.485;1.195;;;07.05.2008;18.06.2008;14.07.2008;05.09.2008;;;;;;;;;;;;;7.338;5.669;;11.208;13.535;
EX490;ZALF_Muencheberg_V4;2008;SM;11918.26;1.53;;;07.05.2008;18.06.2008;14.07.2008;05.09.2008;;;;;;;;;;;;;7.42;4.856;;20.691;4.694;
EX491;ZALF_Muencheberg_V4;2008;SM;11710.66;1.55;;;07.05.2008;18.06.2008;14.07.2008;05.09.2008;;;;;;;;;;;;;7.213;4.733;;30.058;15.596;
EX492;ZALF_Muencheberg_V4;2008;SM;22362.03;1.23;;;07.05.2008;18.06.2008;14.07.2008;05.09.2008;;;;;;;;;;;;;7.196;5.255;;20.016;2.257;
EX493;ZALF_Muencheberg_V4;2008;SM;21331.65;1.19;;;07.05.2008;18.06.2008;14.07.2008;05.09.2008;;;;;;;;;;;;;7.338;5.669;;11.208;13.535;
EX494;ZALF_Muencheberg_V4;2008;WR;6233.23;1.03;;;10.10.2007;14.04.2008;19.05.2008;;;;;;;;;;;;;;;;;;;
EX495;ZALF_Muencheberg_V4;2008;WR;6454.23;0.96;;;10.10.2007;14.04.2008;19.05.2008;;;;;;;;;;;;;;;;;;;
EX497;ZALF_Muencheberg_V4;2008;WR;5772.45;0.87;;;10.10.2007;14.04.2008;19.05.2008;;;;;;;;;;;;;;;;;;;
EX498;ZALF_Muencheberg_V4;2009;SM;19941.35;1.235;7914.00841;9974.08;02.05.2009;23.06.2009;20.07.2009;14.09.2009;14.188;7.51;9.277;11.386;0.999;4.852;17.621;6.167;;37.447;9.207;;8.875;3.438;;23.801;5.074;
EX499;ZALF_Muencheberg_V4;2009;SM;19670.585;1.21;8825.06783;8555.89;02.05.2009;23.06.2009;20.07.2009;14.09.2009;14.802;6.945;9.001;11.487;1;3.91;18.345;7.258;;22.023;9.255;;8.805;2.831;;30.209;9.125;
EX500;ZALF_Muencheberg_V4;2009;SM;22184.445;1.185;9463.89244;10265.19;02.05.2009;23.06.2009;20.07.2009;14.09.2009;13.738;7.253;9.414;10.015;1.061;1.478;17.622;7.445;;24.638;8.132;;9.178;3.137;;13.999;6.371;
EX501;ZALF_Muencheberg_V4;2009;SM;23012.655;1.175;10378.79879;9941.12;02.05.2009;23.06.2009;20.07.2009;14.09.2009;14.319;7.135;8.973;11.947;1.247;2.396;19.591;8.741;;16.656;2.25;;10.404;4.046;;13.753;4.675;
EX502;ZALF_Muencheberg_V4;2009;SM;18614.77;1.28;7503.9352;9163.97;02.05.2009;23.06.2009;20.07.2009;14.09.2009;14.188;7.51;9.277;11.386;0.999;4.852;17.621;6.167;;37.447;9.207;;8.875;3.438;;23.801;5.074;
EX503;ZALF_Muencheberg_V4;2009;SM;18653.07;1.19;8450.91518;8009.6;02.05.2009;23.06.2009;20.07.2009;14.09.2009;14.802;6.945;9.001;11.487;1;3.91;18.345;7.258;;22.023;9.255;;8.805;2.831;;30.209;9.125;
EX504;ZALF_Muencheberg_V4;2009;SM;22103.48;1.19;9834.6031;9717.33;02.05.2009;23.06.2009;20.07.2009;14.09.2009;13.738;7.253;9.414;10.015;1.061;1.478;17.622;7.445;;24.638;8.132;;9.178;3.137;;13.999;6.371;
EX505;ZALF_Muencheberg_V4;2009;SM;22916.7;1.15;10900.57192;9188.02;02.05.2009;23.06.2009;20.07.2009;14.09.2009;14.319;7.135;8.973;11.947;1.247;2.396;19.591;8.741;;16.656;2.25;;10.404;4.046;;13.753;4.675;
EX506;ZALF_Muencheberg_V4;2009;TR;10240.18;1.19;;;03.10.2008;08.04.2009;25.05.2009;;8.772;;;34.801;;;;;;;;;;;;;;
EX507;ZALF_Muencheberg_V4;2009;TR;10266.67;1.2;;;03.10.2008;08.04.2009;25.05.2009;;8.932;;;43.848;;;;;;;;;;;;;;
EX508;ZALF_Muencheberg_V4;2009;TR;10742.46;1.18;;;03.10.2008;08.04.2009;25.05.2009;;8.772;;;34.801;;;;;;;;;;;;;;
EX509;ZALF_Muencheberg_V4;2009;TR;9334.7;1.15;;;03.10.2008;08.04.2009;25.05.2009;;8.932;;;43.848;;;;;;;;;;;;;;
EX510;ZALF_Muencheberg_V4;2010;SM;15635.71;1.36;6388.05951;7592.325;17.05.2010;28.06.2010;25.07.2010;17.09.2010;8.894;8.584;9.391;2.799;2.837;3.944;8.775;7.814;8.768;3.256;0.9;0.996;9.667;8.722;10.2;15.423;5.295;3.977
EX511;ZALF_Muencheberg_V4;2010;SM;14786.135;1.295;6640.63488;7267.255;17.05.2010;28.06.2010;25.07.2010;17.09.2010;8.657;7.622;7.991;3.747;2.601;2.251;8.917;7.909;9.28;3.545;0.9;0.9;9.085;9.025;10.432;6.04;3.421;5.523
EX512;ZALF_Muencheberg_V4;2010;SM;18397.24;1.25;5720.39682;11860.89;17.05.2010;28.06.2010;25.07.2010;17.09.2010;9.132;7.728;8.713;4.558;2.424;2.803;9.709;9.275;10.907;0.9;0.9;0.9;10.157;8.774;9.909;6.729;1.268;1.774
EX513;ZALF_Muencheberg_V4;2010;SM;17278.645;1.14;6422.59057;9528.38;17.05.2010;28.06.2010;25.07.2010;17.09.2010;8.714;8.052;8.933;4.073;1.71;2.602;9.161;9.178;10.054;1.251;0.9;0.9;10.335;8.943;9.952;3.378;1.263;1.521
EX514;ZALF_Muencheberg_V4;2010;SM;15711.11;1.37;6328.70404;7980.68;17.05.2010;28.06.2010;25.07.2010;17.09.2010;8.894;8.584;9.391;2.799;2.837;3.944;8.775;7.814;8.768;3.256;0.9;0.996;9.667;8.722;10.2;15.423;5.295;3.977
EX515;ZALF_Muencheberg_V4;2010;SM;14316.37;1.3;6403.03832;7155.13;17.05.2010;28.06.2010;25.07.2010;17.09.2010;8.657;7.622;7.991;3.747;2.601;2.251;8.917;7.909;9.28;3.545;0.9;0.9;9.085;9.025;10.432;6.04;3.421;5.523
EX516;ZALF_Muencheberg_V4;2010;SM;18956.8;1.25;5342.81806;12307.48;17.05.2010;28.06.2010;25.07.2010;17.09.2010;9.132;7.728;8.713;4.558;2.424;2.803;9.709;9.275;10.907;0.9;0.9;0.9;10.157;8.774;9.909;6.729;1.268;1.774
EX517;ZALF_Muencheberg_V4;2010;SM;17199.01;1.11;6106.40786;9403.58;17.05.2010;28.06.2010;25.07.2010;17.09.2010;8.714;8.052;8.933;4.073;1.71;2.602;9.161;9.178;10.054;1.251;0.9;0.9;10.335;8.943;9.952;3.378;1.263;1.521
EX518;ZALF_Muencheberg_V4;2011;SM;21988.075;1.08;10942.79684;11548.985;12.05.2011;14.06.2011;19.07.2011;13.09.2011;14.216;6.859;;16.679;3.953;;6.996;4.925;6.854;31.317;9.603;4.645;10.656;9.4;9.272;8.733;2.353;1.713
EX519;ZALF_Muencheberg_V4;2011;SM;20224.345;1.045;10240.91275;10699.585;12.05.2011;14.06.2011;19.07.2011;13.09.2011;16.352;7.073;;40.436;5.101;;8.053;5.44;6.913;20.48;6.988;5.669;10.236;9.006;9.137;4.53;1.77;2.032
EX520;ZALF_Muencheberg_V4;2011;SM;22998.37;1.14;11270.44491;12127.9;12.05.2011;14.06.2011;19.07.2011;13.09.2011;14.318;6.88;;14.895;4.018;;8.306;6.465;8.005;31.746;10.329;4.319;10.074;8.784;8.944;11.25;1.73;1.991
EX521;ZALF_Muencheberg_V4;2011;SM;20962.135;1.08;10669.84743;11263.605;12.05.2011;14.06.2011;19.07.2011;13.09.2011;16.922;7.392;;45.054;7.244;;8.539;6.535;6.618;31.21;22.806;6.676;10.537;9.208;9.751;7.063;4.28;3.665
EX522;ZALF_Muencheberg_V4;2011;SM;22078.29;1.08;11704.30636;10760.11;12.05.2011;14.06.2011;19.07.2011;13.09.2011;14.216;6.859;;16.679;3.953;;6.996;4.925;6.854;31.317;9.603;4.645;10.656;9.4;9.272;8.733;2.353;1.713
EX523;ZALF_Muencheberg_V4;2011;SM;19624.5;1.04;10332.09174;10267.38;12.05.2011;14.06.2011;19.07.2011;13.09.2011;16.352;7.073;;40.436;5.101;;8.053;5.44;6.913;20.48;6.988;5.669;10.236;9.006;9.137;4.53;1.77;2.032
EX524;ZALF_Muencheberg_V4;2011;SM;23079.99;1.12;11817.75308;11518.27;12.05.2011;14.06.2011;19.07.2011;13.09.2011;14.318;6.88;;14.895;4.018;;8.306;6.465;8.005;31.746;10.329;4.319;10.074;8.784;8.944;11.25;1.73;1.991
EX525;ZALF_Muencheberg_V4;2011;SM;21108.52;1.06;11178.25754;10979.38;12.05.2011;14.06.2011;19.07.2011;13.09.2011;16.922;7.392;;45.054;7.244;;8.539;6.535;6.618;31.21;22.806;6.676;10.537;9.208;9.751;7.063;4.28;3.665
EX526;ZALF_Muencheberg_V4;2012;SM;20094.06;1.23;8568.73684;8245.55;04.05.2012;22.06.2012;16.07.2012;15.09.2012;8.779;8.738;10.64;6.615;1.308;0.819;;;;;;;3.545;2.652;;9.815;5.924;
EX527;ZALF_Muencheberg_V4;2012;SM;17987.09;1.27;8492.9019;8478.82;04.05.2012;22.06.2012;16.07.2012;15.09.2012;8.948;8.561;10.305;6.077;1.126;1.716;;;;;;;4.331;2.993;;10.674;9.805;
EX528;ZALF_Muencheberg_V4;2012;SM;22806.055;1.265;11093.98238;11168.505;04.05.2012;22.06.2012;16.07.2012;15.09.2012;8.576;8.917;10.696;6.627;1.005;0.652;;;;;;;4.965;4.027;;11.535;5.616;
EX529;ZALF_Muencheberg_V4;2012;SM;21404.62;1.245;10224.4571;9987.89;04.05.2012;22.06.2012;16.07.2012;15.09.2012;8.973;8.803;9.929;5.616;0.883;0.756;;;;;;;6.461;5.282;;8.703;7.587;
EX530;ZALF_Muencheberg_V4;2012;SM;19200.57;1.23;8798.37752;8306.22;04.05.2012;22.06.2012;16.07.2012;15.09.2012;8.779;8.738;10.64;6.615;1.308;0.819;;;;;;;3.545;2.652;;9.815;5.924;
EX531;ZALF_Muencheberg_V4;2012;SM;16919.79;1.27;8194.61198;8335.93;04.05.2012;22.06.2012;16.07.2012;15.09.2012;8.948;8.561;10.305;6.077;1.126;1.716;;;;;;;4.331;2.993;;10.674;9.805;
EX532;ZALF_Muencheberg_V4;2012;SM;22899.33;1.26;11663.35184;11355.29;04.05.2012;22.06.2012;16.07.2012;15.09.2012;8.576;8.917;10.696;6.627;1.005;0.652;;;;;;;4.965;4.027;;11.535;5.616;
EX533;ZALF_Muencheberg_V4;2012;SM;20183.1;1.22;9960.40446;9675.01;04.05.2012;22.06.2012;16.07.2012;15.09.2012;8.973;8.803;9.929;5.616;0.883;0.756;;;;;;;6.461;5.282;;8.703;7.587;
EX534;ZALF_Muencheberg_V4;2012;WR;8172.64;1.11;;;02.10.2011;20.04.2012;21.05.2012;;;;;;;;;;;;;;1.924;2.311;;1.433;0.91;
EX535;ZALF_Muencheberg_V4;2012;WR;6729.07;1.02;;;02.10.2011;20.04.2012;21.05.2012;;;;;;;;;;;;;;2.239;2.191;;1.541;1.046;
EX536;ZALF_Muencheberg_V4;2012;WR;8394.76;1.09;;;02.10.2011;20.04.2012;21.05.2012;;;;;;;;;;;;;;2.242;1.893;;1.497;0.9;
EX537;ZALF_Muencheberg_V4;2012;WR;7353.09;1.06;;;02.10.2011;20.04.2012;21.05.2012;;;;;;;;;;;;;;2.418;2.773;;1.978;2.177;
EX538;ZALF_Muencheberg_V4;2013;SM;16948.9;0.985;;;09.05.2013;20.06.2013;22.07.2013;10.09.2013;16.898;8.919;;4.711;0.914;;2.765;4.287;6.495;5.621;17.511;11.272;3.966;2.593;6.124;5.758;1.488;2.426
EX539;ZALF_Muencheberg_V4;2013;SM;14989.725;0.92;;;09.05.2013;20.06.2013;22.07.2013;10.09.2013;17.931;8.195;;7.058;1.426;;2.741;4.201;8.713;4.418;14.309;10.948;5.273;3.578;4.476;7.79;2.854;2.598
EX540;ZALF_Muencheberg_V4;2013;SM;19929.56;0.97;;;09.05.2013;20.06.2013;22.07.2013;10.09.2013;17.154;9.011;;4.923;0.994;;5.78;6.729;8.163;3.645;5.876;10.612;4.6;2.652;4.779;8.659;1.453;1.641
EX541;ZALF_Muencheberg_V4;2013;SM;16999.325;0.87;;;09.05.2013;20.06.2013;22.07.2013;10.09.2013;18.261;8.834;;6.462;1.408;;7.162;7.467;8.281;2.6;5.584;11.711;6.129;4.42;6.174;7.401;2.878;3.559
EX542;ZALF_Muencheberg_V4;2013;SM;17010.32;1.01;;;09.05.2013;20.06.2013;22.07.2013;10.09.2013;16.898;8.919;;4.711;0.914;;2.765;4.287;6.495;5.621;17.511;11.272;3.966;2.593;6.124;5.758;1.488;2.426
EX543;ZALF_Muencheberg_V4;2013;SM;15052.62;0.96;;;09.05.2013;20.06.2013;22.07.2013;10.09.2013;17.931;8.195;;7.058;1.426;;2.741;4.201;8.713;4.418;14.309;10.948;5.273;3.578;4.476;7.79;2.854;2.598
EX544;ZALF_Muencheberg_V4;2013;SM;20759.35;0.97;;;09.05.2013;20.06.2013;22.07.2013;10.09.2013;17.154;9.011;;4.923;0.994;;5.78;6.729;8.163;3.645;5.876;10.612;4.6;2.652;4.779;8.659;1.453;1.641
EX545;ZALF_Muencheberg_V4;2013;SM;16891.89;0.87;;;09.05.2013;20.06.2013;22.07.2013;10.09.2013;18.261;8.834;;6.462;1.408;;7.162;7.467;8.281;2.6;5.584;11.711;6.129;4.42;6.174;7.401;2.878;3.559
EX546;ZALF_Muencheberg_V4;2013;TR;10304.53;1.24;;;09.10.2012;29.04.2013;22.05.2013;;;;;;;;;;;;;;19.746;5.728;;5.394;0.459;
EX547;ZALF_Muencheberg_V4;2013;TR;7317.88;1.3;;;09.10.2012;29.04.2013;22.05.2013;;;;;;;;;;;;;;19.725;6.733;;6.595;1.484;
EX548;ZALF_Muencheberg_V4;2013;TR;11275.5;1.16;;;09.10.2012;29.04.2013;22.05.2013;;;;;;;;;;;;;;21.027;7;;4.687;0.832;
EX549;ZALF_Muencheberg_V4;2013;TR;7788.61;1.19;;;09.10.2012;29.04.2013;22.05.2013;;;;;;;;;;;;;;20.992;7.935;;5.767;0.749;
EX550;ZALF_Muencheberg_V4;2014;SM;18149.385;1.145;11622.50451;13675.395;30.04.2014;13.06.2014;21.07.2014;16.09.2014;10.043;7.217;8.417;3.975;2.175;2.4;2.223;3.055;;12.075;3.15;;6.362;5.413;6.332;3.375;1.2;0.9
EX551;ZALF_Muencheberg_V4;2014;SM;16469.78;1.095;11071.15091;9999.475;30.04.2014;13.06.2014;21.07.2014;16.09.2014;9.717;7.455;8.94;4.275;1.425;4.275;2.103;3.952;;19.8;8.85;;6.027;5.702;7.212;4.35;0.975;0.75
EX552;ZALF_Muencheberg_V4;2014;SM;20226.79;1.165;11407.65208;14114.225;30.04.2014;13.06.2014;21.07.2014;16.09.2014;9.715;7.178;8.426;4.2;1.875;3.42;4.63;3.558;;18.825;5.55;;6.52;6.337;7.367;3.825;0.6;1.125
EX553;ZALF_Muencheberg_V4;2014;SM;18322.015;1.125;11385.71386;9814.52;30.04.2014;13.06.2014;21.07.2014;16.09.2014;10.022;7.154;8.457;4.5;2.16;2.025;4.832;3.47;;18.3;13.125;;7.217;6.777;7.822;2.175;0.675;1.125
EX554;ZALF_Muencheberg_V4;2014;SM;17575.87;1.16;11753.9393;13973.01;30.04.2014;13.06.2014;21.07.2014;16.09.2014;10.043;7.217;8.417;3.975;2.175;2.4;2.223;3.055;;12.075;3.15;;6.362;5.413;6.332;3.375;1.2;0.9
EX555;ZALF_Muencheberg_V4;2014;SM;16359.06;1.13;12085.33108;10327.13;30.04.2014;13.06.2014;21.07.2014;16.09.2014;9.717;7.455;8.94;4.275;1.425;4.275;2.103;3.952;;19.8;8.85;;6.027;5.702;7.212;4.35;0.975;0.75
EX556;ZALF_Muencheberg_V4;2014;SM;20677.44;1.17;11205.98402;13538.8;30.04.2014;13.06.2014;21.07.2014;16.09.2014;9.715;7.178;8.426;4.2;1.875;3.42;4.63;3.558;;18.825;5.55;;6.52;6.337;7.367;3.825;0.6;1.125
EX557;ZALF_Muencheberg_V4;2014;SM;18994.13;1.12;11699.04214;9924.85;30.04.2014;13.06.2014;21.07.2014;16.09.2014;10.022;7.154;8.457;4.5;2.16;2.025;4.832;3.47;;18.3;13.125;;7.217;6.777;7.822;2.175;0.675;1.125
EX558;ZALF_Muencheberg_V4;2015;SM;9566.49;1.515;1632.77763;7847.385;07.05.2015;20.06.2015;25.07.2015;14.09.2015;14.846;7.603;;10.537;1.133;;2.787;2.878;6.129;31.658;3.357;3.131;6.239;4.98;4.554;61.787;5.791;3.237
EX559;ZALF_Muencheberg_V4;2015;SM;7612.985;1.555;2087.83888;6852.665;07.05.2015;20.06.2015;25.07.2015;14.09.2015;15.306;7.295;;12.975;1.362;;3.699;3.342;6.414;28.754;8.336;3.522;7.304;5.541;3.658;27.285;8.269;1.881
EX560;ZALF_Muencheberg_V4;2015;SM;21724.425;1.29;13319.54056;12293;07.05.2015;20.06.2015;25.07.2015;14.09.2015;15.448;7.681;;10.779;1.213;;5.855;6.048;7.191;27.57;2.776;4.159;8.781;8.074;8.012;18.509;4.955;4.709
EX561;ZALF_Muencheberg_V4;2015;SM;18083.92;1.135;10596.16423;10069.175;07.05.2015;20.06.2015;25.07.2015;14.09.2015;15.297;7.445;;10.151;0.952;;7.85;6.727;7.074;20.942;13.784;5.975;9.528;8.708;9.717;6.047;2.594;6.053
EX562;ZALF_Muencheberg_V4;2015;SM;8700.99;1.54;1599.02072;7514.73;08.05.2015;20.06.2015;25.07.2015;14.09.2015;14.846;7.603;;10.537;1.133;;2.787;2.878;6.129;31.658;3.357;3.131;6.239;4.98;4.554;61.787;5.791;3.237
EX563;ZALF_Muencheberg_V4;2015;SM;7600.79;1.55;1738.57416;6569.1;08.05.2015;20.06.2015;25.07.2015;14.09.2015;15.306;7.295;;12.975;1.362;;3.699;3.342;6.414;28.754;8.336;3.522;7.304;5.541;3.658;27.285;8.269;1.881
EX564;ZALF_Muencheberg_V4;2015;SM;20953.26;1.28;13785.84088;11409.62;08.05.2015;20.06.2015;25.07.2015;14.09.2015;15.448;7.681;;10.779;1.213;;5.855;6.048;7.191;27.57;2.776;4.159;8.781;8.074;8.012;18.509;4.955;4.709
EX565;ZALF_Muencheberg_V4;2015;SM;18005.91;1.14;11281.60458;9710.53;08.05.2015;20.06.2015;25.07.2015;14.09.2015;15.297;7.445;;10.151;0.952;;7.85;6.727;7.074;20.942;13.784;5.975;9.528;8.708;9.717;6.047;2.594;6.053
EX566;ZALF_Muencheberg_V4;2016;SM;19174.37;0.96;;;08.05.2016;23.06.2016;15.07.2016;14.09.2016;9.113;6.928;8.584;2.55;0.99;3.039;3.301;3.132;6.321;13.913;3.645;4.515;3.197;2.165;4.052;6.565;2.213;2.065
EX567;ZALF_Muencheberg_V4;2016;SM;17052.09;0.95;;;08.05.2016;23.06.2016;15.07.2016;14.09.2016;9.146;7.336;8.524;3.854;1.358;2.773;4.752;4.378;6.68;13.86;6.983;7.32;3.716;2.637;4.115;10.364;4.008;2.552
EX568;ZALF_Muencheberg_V4;2016;SM;23470.47;0.94;;;08.05.2016;23.06.2016;15.07.2016;14.09.2016;9.637;7.146;8.544;2.761;1.095;1.78;6.192;5.618;7.485;11.621;3.825;2.884;4.685;4.162;5.008;5.517;1.832;2.196
EX569;ZALF_Muencheberg_V4;2016;SM;20166.15;0.84;;;08.05.2016;23.06.2016;15.07.2016;14.09.2016;9.793;7.426;8.784;4.65;1.424;1.793;7.857;6.294;7.246;7.703;5.528;6.296;5.782;5.356;5.951;4.482;1.855;3.806
EX570;ZALF_Muencheberg_V4;2017;WR;;;2888.44;;20.10.2016;;;;;;;;;;;;;;;;10.086;7.792;8.921;18.417;9.214;8.794
EX571;ZALF_Muencheberg_V4;2017;WR;;;3664.15;;20.10.2016;;;;;;;;;;;;;;;;10.588;8.524;9.694;15.989;6.011;4.556
EX572;ZALF_Muencheberg_V4;2018;SM;13238.51;;;;05.05.2018;04.06.2018;09.07.2018;13.09.2018;;;;;;;;;;;;;;;;;;
EX573;ZALF_Muencheberg_V4;2018;SM;13018.9;;;;05.05.2018;04.06.2018;09.07.2018;13.09.2018;;;;;;;;;;;;;;;;;;
EX574;ZALF_Muencheberg_V4;2018;SM;17996.3;;;;05.05.2018;04.06.2018;09.07.2018;13.09.2018;;;;;;;;;;;;;;;;;;
EX575;ZALF_Muencheberg_V4;2018;SM;17425.02;;;;05.05.2018;04.06.2018;09.07.2018;13.09.2018;;;;;;;;;;;;;;;;;;
EX576;ZALF_Muencheberg_V4;2019;SM;15567.56;1.1;;;07.05.2019;18.06.2019;18.07.2019;16.08.2019;;;;;;;;;;;;;;;;;;
EX577;ZALF_Muencheberg_V4;2019;SM;14693.4;0.99;;;07.05.2019;18.06.2019;18.07.2019;16.08.2019;;;;;;;;;;;;;;;;;;
EX578;ZALF_Muencheberg_V4;2019;SM;19784.26;1.01;;;07.05.2019;18.06.2019;18.07.2019;16.08.2019;;;;;;;;;;;;;;;;;;
EX579;ZALF_Muencheberg_V4;2019;SM;18939.68;0.9;;;07.05.2019;18.06.2019;18.07.2019;16.08.2019;;;;;;;;;;;;;;;;;;
EX580;ZALF_Muencheberg_V4;2019;SB;;;1271.25;;18.04.2019;25.05.2019;;20.07.2019;;;;;;;;;;;;;;;;;;
EX581;ZALF_Muencheberg_V4;2019;SB;;;834.46;;18.04.2019;25.05.2019;;20.07.2019;;;;;;;;;;;;;;;;;;
EX582;ZALF_Muencheberg_V4;2019;SB;;;1966.38;;18.04.2019;25.05.2019;;20.07.2019;;;;;;;;;;;;;;;;;;
EX583;ZALF_Muencheberg_V4;2019;SB;;;1366.95;;18.04.2019;25.05.2019;;20.07.2019;;;;;;;;;;;;;;;;;;
EX584;ZALF_Muencheberg_V4;2020;SM;10614.27;1.12;;;06.05.2020;20.06.2020;21.07.2020;01.09.2020;;;;;;;;;;;;;;;;;;
EX585;ZALF_Muencheberg_V4;2020;SM;10546.25;1.05;;;06.05.2020;20.06.2020;21.07.2020;01.09.2020;;;;;;;;;;;;;;;;;;
EX586;ZALF_Muencheberg_V4;2020;SM;13927.85;1.06;;;06.05.2020;20.06.2020;21.07.2020;01.09.2020;;;;;;;;;;;;;;;;;;
EX587;ZALF_Muencheberg_V4;2020;SM;14103.94;1.04;;;06.05.2020;20.06.2020;21.07.2020;01.09.2020;;;;;;;;;;;;;;;;;;
EX588;ZALF_Muencheberg_V4;2020;WW;;;5294.74;;24.10.2019;06.04.2020;06.06.2020;23.07.2020;;;;;;;;;;;;;;;;;;
EX589;ZALF_Muencheberg_V4;2020;WW;;;5152.66;;24.10.2019;06.04.2020;06.06.2020;23.07.2020;;;;;;;;;;;;;;;;;;
EX590;ZALF_Muencheberg_V4;2020;WW;;;6826.41;;24.10.2019;06.04.2020;06.06.2020;23.07.2020;;;;;;;;;;;;;;;;;;
EX591;ZALF_Muencheberg_V4;2020;WW;;;6893.91;;24.10.2019;06.04.2020;06.06.2020;23.07.2020;;;;;;;;;;;;;;;;;;
EX592;ZALF_Muencheberg_V4;2021;SM;15403.78;;;;19.05.2021;21.06.2021;19.07.2021;13.09.2021;;;;;;;;;;;;;;;;;;
EX593;ZALF_Muencheberg_V4;2021;SM;11224.9;;;;19.05.2021;21.06.2021;19.07.2021;13.09.2021;;;;;;;;;;;;;;;;;;
EX594;ZALF_Muencheberg_V4;2021;SM;17409.82;;;;19.05.2021;21.06.2021;19.07.2021;13.09.2021;;;;;;;;;;;;;;;;;;
EX595;ZALF_Muencheberg_V4;2021;SM;12997.36;;;;19.05.2021;21.06.2021;19.07.2021;13.09.2021;;;;;;;;;;;;;;;;;;
EX596;ZALF_Muencheberg_V4;2021;WW;;;3675.49;;19.10.2020;20.04.2021;10.06.2021;20.07.2021;;;;;;;;;;;;;;;;;;
EX597;ZALF_Muencheberg_V4;2021;WW;;;3383.34;;19.10.2020;20.04.2021;10.06.2021;20.07.2021;;;;;;;;;;;;;;;;;;
EX598;ZALF_Muencheberg_V4;2021;WW;;;4331.71;;19.10.2020;20.04.2021;10.06.2021;20.07.2021;;;;;;;;;;;;;;;;;;
EX599;ZALF_Muencheberg_V4;2021;WW;;;3985.63;;19.10.2020;20.04.2021;10.06.2021;20.07.2021;;;;;;;;;;;;;;;;;;
EX600;ZALF_Muencheberg_V4;2022;SM;7991.95;1.04;;;08.05.2022;15.06.2022;19.07.2022;06.09.2022;;;;;;;;;;;;;;;;;;
EX601;ZALF_Muencheberg_V4;2022;SM;6333.73;1.03;;;08.05.2022;15.06.2022;19.07.2022;06.09.2022;;;;;;;;;;;;;;;;;;
EX602;ZALF_Muencheberg_V4;2022;SM;12886.47;1.14;;;08.05.2022;15.06.2022;19.07.2022;06.09.2022;;;;;;;;;;;;;;;;;;
EX603;ZALF_Muencheberg_V4;2022;SM;11058.86;1.08;;;08.05.2022;15.06.2022;19.07.2022;06.09.2022;;;;;;;;;;;;;;;;;;
EX604;ZALF_Muencheberg_V4;2022;WW;;;4033.61;;25.10.2021;25.04.2022;02.06.2022;18.07.2022;;;;;;;;;;;;;;;;;;
EX605;ZALF_Muencheberg_V4;2022;WW;;;4038.24;;25.10.2021;25.04.2022;02.06.2022;18.07.2022;;;;;;;;;;;;;;;;;;
EX606;ZALF_Muencheberg_V4;2022;WW;;;3999.11;;25.10.2021;25.04.2022;02.06.2022;18.07.2022;;;;;;;;;;;;;;;;;;
EX607;ZALF_Muencheberg_V4;2022;WW;;;3980.25;;25.10.2021;25.04.2022;02.06.2022;18.07.2022;;;;;;;;;;;;;;;;;;
EX608;ZALF_Muencheberg_V4;2023;SM;15681.92;;;;16.05.2023;20.06.2023;19.07.2023;06.09.2023;;;;;;;;;;;;;;;;;;
EX609;ZALF_Muencheberg_V4;2023;SM;13394.81;;;;16.05.2023;20.06.2023;19.07.2023;06.09.2023;;;;;;;;;;;;;;;;;;
EX610;ZALF_Muencheberg_V4;2023;SM;19047.06;;;;16.05.2023;20.06.2023;19.07.2023;06.09.2023;;;;;;;;;;;;;;;;;;
EX611;ZALF_Muencheberg_V4;2023;SM;17915.88;;;;16.05.2023;20.06.2023;19.07.2023;06.09.2023;;;;;;;;;;;;;;;;;;
EX612;ZALF_Muencheberg_V4;2023;WW;;;4834.15;;06.10.2022;21.04.2023;30.05.2023;18.07.2023;;;;;;;;;;;;;;;;;;
EX613;ZALF_Muencheberg_V4;2023;WW;;;5198.69;;06.10.2022;21.04.2023;30.05.2023;18.07.2023;;;;;;;;;;;;;;;;;;
EX614;JKI_Braunschweig_Rainshelter;2010;WB;14657.18744;;7883.942471;;;23.04.2010;01.06.2010;13.07.2010;;;;;;;;;;;;;;;;;;
EX615;JKI_Braunschweig_Rainshelter;2010;WB;15023.47172;;7827.750821;;;23.04.2010;27.05.2010;30.06.2010;;;;;;;;;;;;;;;;;;
EX616;JKI_Braunschweig_Rainshelter;2010;WB;15629.50422;;8469.414253;;;24.04.2010;27.05.2010;05.07.2010;;;;;;;;;;;;;;;;;;
EX617;JKI_Braunschweig_Rainshelter;2010;WB;13970.64166;;7809.774013;;;23.04.2010;27.05.2010;03.07.2010;;;;;;;;;;;;;;;;;;
EX618;JKI_Braunschweig_Rainshelter;2010;WR;18064.07484;;9125.597071;;;22.04.2010;07.06.2010;15.07.2010;;;;;;;;;;;;;;;;;;
EX621;JKI_Braunschweig_Rainshelter;2010;TR;16083.63227;;8187.23383;;;26.04.2010;12.06.2010;15.07.2010;;;;;;;;;;;;;;;;;;
EX622;JKI_Braunschweig_Rainshelter;2010;TR;16811.42603;;9123.304873;;;26.04.2010;16.06.2010;18.07.2010;;;;;;;;;;;;;;;;;;
EX623;JKI_Braunschweig_Rainshelter;2010;TR;19285.2753;;8757.475748;;;28.04.2010;16.06.2010;17.07.2010;;;;;;;;;;;;;;;;;;
EX624;JKI_Braunschweig_Rainshelter;2010;TR;18259.71826;;8851.795243;;;26.04.2010;09.06.2010;14.07.2010;;;;;;;;;;;;;;;;;;
EX625;JKI_Braunschweig_Rainshelter;2010;WW;16974.80212;;9026.386318;;;28.04.2010;17.06.2010;19.07.2010;;;;;;;;;;;;;;;;;;
EX626;JKI_Braunschweig_Rainshelter;2010;WW;15360.93734;;8259.368307;;;28.04.2010;16.06.2010;18.07.2010;;;;;;;;;;;;;;;;;;
EX627;JKI_Braunschweig_Rainshelter;2010;WW;17467.74698;;8725.619777;;;28.04.2010;16.06.2010;22.07.2010;;;;;;;;;;;;;;;;;;
EX628;JKI_Braunschweig_Rainshelter;2010;WB;8899.552147;;3974.685359;;;22.04.2010;30.05.2010;01.07.2010;;;;;;;;;;;;;;;;;;
EX629;JKI_Braunschweig_Rainshelter;2010;WB;9661.799046;;4284.893545;;;22.04.2010;27.05.2010;19.06.2010;;;;;;;;;;;;;;;;;;
EX630;JKI_Braunschweig_Rainshelter;2010;WB;7540.922943;;3322.668066;;;26.04.2010;28.05.2010;22.06.2010;;;;;;;;;;;;;;;;;;
EX631;JKI_Braunschweig_Rainshelter;2010;WB;9904.058133;;4790.482293;;;24.04.2010;28.05.2010;19.06.2010;;;;;;;;;;;;;;;;;;
EX632;JKI_Braunschweig_Rainshelter;2010;WR;11778.30057;;4304.389264;;;20.04.2010;05.06.2010;26.06.2010;;;;;;;;;;;;;;;;;;
EX635;JKI_Braunschweig_Rainshelter;2010;TR;7174.295715;;2924.501501;;;27.04.2010;10.06.2010;30.06.2010;;;;;;;;;;;;;;;;;;
EX636;JKI_Braunschweig_Rainshelter;2010;TR;8075.161057;;3820.490056;;;26.04.2010;11.06.2010;03.07.2010;;;;;;;;;;;;;;;;;;
EX637;JKI_Braunschweig_Rainshelter;2010;TR;10100.8891;;3575.046736;;;27.04.2010;11.06.2010;02.07.2010;;;;;;;;;;;;;;;;;;
EX638;JKI_Braunschweig_Rainshelter;2010;TR;8329.40204;;3158.134385;;;26.04.2010;11.06.2010;04.07.2010;;;;;;;;;;;;;;;;;;
EX639;JKI_Braunschweig_Rainshelter;2010;WW;7579.882263;;3398.853246;;;28.04.2010;10.06.2010;02.07.2010;;;;;;;;;;;;;;;;;;
EX640;JKI_Braunschweig_Rainshelter;2010;WW;7487.778088;;3505.984198;;;28.04.2010;09.06.2010;03.07.2010;;;;;;;;;;;;;;;;;;
EX641;JKI_Braunschweig_Rainshelter;2010;WW;7397.253914;;3284.338839;;;28.04.2010;10.06.2010;02.07.2010;;;;;;;;;;;;;;;;;;
EX642;JKI_Braunschweig_Rainshelter;2011;WB;16892.67051;;9446.765859;;;15.04.2011;19.05.2011;26.06.2011;;;;;;;;;;;;;;;;;;
EX643;JKI_Braunschweig_Rainshelter;2011;WB;16226.53788;;9058.71278;;;13.04.2011;16.05.2011;16.06.2011;;;;;;;;;;;;;;;;;;
EX644;JKI_Braunschweig_Rainshelter;2011;WB;17602.52582;;9495.513645;;;13.04.2011;18.05.2011;23.06.2011;;;;;;;;;;;;;;;;;;
EX645;JKI_Braunschweig_Rainshelter;2011;WB;18130.16373;;10807.29421;;;13.04.2011;15.05.2011;22.06.2011;;;;;;;;;;;;;;;;;;
EX646;JKI_Braunschweig_Rainshelter;2011;WR;22681.19939;;11106.72343;;;13.04.2011;25.05.2011;05.07.2011;;;;;;;;;;;;;;;;;;
EX650;JKI_Braunschweig_Rainshelter;2011;TR;19946.62531;;10166.12771;;;13.04.2011;31.05.2011;05.07.2011;;;;;;;;;;;;;;;;;;
EX651;JKI_Braunschweig_Rainshelter;2011;TR;20191.33243;;9865.156572;;;13.04.2011;02.06.2011;23.07.2011;;;;;;;;;;;;;;;;;;
EX652;JKI_Braunschweig_Rainshelter;2011;TR;21275.89839;;9294.171636;;;13.04.2011;01.06.2011;05.07.2011;;;;;;;;;;;;;;;;;;
EX653;JKI_Braunschweig_Rainshelter;2011;TR;21554.05;;10540.25399;;;13.04.2011;31.05.2011;20.07.2011;;;;;;;;;;;;;;;;;;
EX654;JKI_Braunschweig_Rainshelter;2011;WW;17728.7347;;8377.746525;;;13.04.2011;01.06.2011;04.07.2011;;;;;;;;;;;;;;;;;;
EX655;JKI_Braunschweig_Rainshelter;2011;WW;17917.57869;;8691.663754;;;13.04.2011;05.06.2011;07.07.2011;;;;;;;;;;;;;;;;;;
EX656;JKI_Braunschweig_Rainshelter;2011;WW;17284.18366;;8239.718756;;;13.04.2011;31.05.2011;10.07.2011;;;;;;;;;;;;;;;;;;
EX657;JKI_Braunschweig_Rainshelter;2011;WW;17652.72798;;7900.383861;;;13.04.2011;05.06.2011;04.07.2011;;;;;;;;;;;;;;;;;;
EX658;JKI_Braunschweig_Rainshelter;2011;WB;8060.769029;;3492.800615;;;15.04.2011;17.05.2011;04.06.2011;;;;;;;;;;;;;;;;;;
EX659;JKI_Braunschweig_Rainshelter;2011;WB;8734.131339;;3776.58588;;;13.04.2011;13.05.2011;02.06.2011;;;;;;;;;;;;;;;;;;
EX660;JKI_Braunschweig_Rainshelter;2011;WB;8066.664239;;3715.253977;;;15.04.2011;15.05.2011;04.06.2011;;;;;;;;;;;;;;;;;;
EX661;JKI_Braunschweig_Rainshelter;2011;WB;8599.119286;;3879.590409;;;13.04.2011;15.05.2011;31.05.2011;;;;;;;;;;;;;;;;;;
EX662;JKI_Braunschweig_Rainshelter;2011;WR;10242.43743;;3940.990546;;;13.04.2011;23.05.2011;12.06.2011;;;;;;;;;;;;;;;;;;
EX666;JKI_Braunschweig_Rainshelter;2011;TR;8806.249891;;3100.920109;;;13.04.2011;29.05.2011;11.06.2011;;;;;;;;;;;;;;;;;;
EX667;JKI_Braunschweig_Rainshelter;2011;TR;8563.26656;;3291.437504;;;13.04.2011;29.05.2011;19.06.2011;;;;;;;;;;;;;;;;;;
EX668;JKI_Braunschweig_Rainshelter;2011;TR;9630.898497;;3345.041627;;;15.04.2011;30.05.2011;26.06.2011;;;;;;;;;;;;;;;;;;
EX669;JKI_Braunschweig_Rainshelter;2011;TR;10268.67305;;3545.696131;;;13.04.2011;29.05.2011;15.06.2011;;;;;;;;;;;;;;;;;;
EX670;JKI_Braunschweig_Rainshelter;2011;WW;8268.836237;;3096.104001;;;13.04.2011;31.05.2011;22.06.2011;;;;;;;;;;;;;;;;;;
EX671;JKI_Braunschweig_Rainshelter;2011;WW;7895.052374;;2949.189019;;;13.04.2011;31.05.2011;15.06.2011;;;;;;;;;;;;;;;;;;
EX672;JKI_Braunschweig_Rainshelter;2011;WW;7959.479867;;3073.016832;;;13.04.2011;31.05.2011;11.06.2011;;;;;;;;;;;;;;;;;;
EX673;JKI_Braunschweig_Rainshelter;2011;WW;7831.69378;;2482.831564;;;13.04.2011;02.06.2011;16.06.2011;;;;;;;;;;;;;;;;;;
EX674;UTP_Bydgoszcz;2011;SB;;;4730;;;;;;;;;;;;;;;;;;;;;;;
EX675;UTP_Bydgoszcz;2011;SB;;;5080;;;;;;;;;;;;;;;;;;;;;;;
EX676;UTP_Bydgoszcz;2011;SB;;;4850;;;;;;;;;;;;;;;;;;;;;;;
EX677;UTP_Bydgoszcz;2011;SB;;;4870;;;;;;;;;;;;;;;;;;;;;;;
EX678;UTP_Bydgoszcz;2011;SB;;;3450;;;;;;;;;;;;;;;;;;;;;;;
EX679;UTP_Bydgoszcz;2011;SB;;;3400;;;;;;;;;;;;;;;;;;;;;;;
EX680;UTP_Bydgoszcz;2011;SB;;;3360;;;;;;;;;;;;;;;;;;;;;;;
EX681;UTP_Bydgoszcz;2011;SB;;;3350;;;;;;;;;;;;;;;;;;;;;;;
EX682;UTP_Bydgoszcz;2012;SB;;;4090;;;;;;;;;;;;;;;;;;;;;;;
EX683;UTP_Bydgoszcz;2012;SB;;;6130;;;;;;;;;;;;;;;;;;;;;;;
EX684;UTP_Bydgoszcz;2012;SB;;;5820;;;;;;;;;;;;;;;;;;;;;;;
EX685;UTP_Bydgoszcz;2012;SB;;;5560;;;;;;;;;;;;;;;;;;;;;;;
EX686;UTP_Bydgoszcz;2012;SB;;;3530;;;;;;;;;;;;;;;;;;;;;;;
EX687;UTP_Bydgoszcz;2012;SB;;;4610;;;;;;;;;;;;;;;;;;;;;;;
EX688;UTP_Bydgoszcz;2012;SB;;;4540;;;;;;;;;;;;;;;;;;;;;;;
EX689;UTP_Bydgoszcz;2012;SB;;;4300;;;;;;;;;;;;;;;;;;;;;;;
EX690;UTP_Bydgoszcz;2013;SB;;;4850;;;;;;;;;;;;;;;;;;;;;;;
EX691;UTP_Bydgoszcz;2013;SB;;;5580;;;;;;;;;;;;;;;;;;;;;;;
EX692;UTP_Bydgoszcz;2013;SB;;;5630;;;;;;;;;;;;;;;;;;;;;;;
EX693;UTP_Bydgoszcz;2013;SB;;;6490;;;;;;;;;;;;;;;;;;;;;;;
EX694;UTP_Bydgoszcz;2013;SB;;;4570;;;;;;;;;;;;;;;;;;;;;;;
EX695;UTP_Bydgoszcz;2013;SB;;;4980;;;;;;;;;;;;;;;;;;;;;;;
EX696;UTP_Bydgoszcz;2013;SB;;;4960;;;;;;;;;;;;;;;;;;;;;;;
EX697;UTP_Bydgoszcz;2013;SB;;;5280;;;;;;;;;;;;;;;;;;;;;;;
EX698;UTP_Bydgoszcz;2013;SW;;;5500;;;;;;;;;;;;;;;;;;;;;;;
EX699;UTP_Bydgoszcz;2013;SW;;;7270;;;;;;;;;;;;;;;;;;;;;;;
EX700;UTP_Bydgoszcz;2013;SW;;;7830;;;;;;;;;;;;;;;;;;;;;;;
EX701;UTP_Bydgoszcz;2013;SW;;;7950;;;;;;;;;;;;;;;;;;;;;;;
EX702;UTP_Bydgoszcz;2013;SW;;;5050;;;;;;;;;;;;;;;;;;;;;;;
EX703;UTP_Bydgoszcz;2013;SW;;;6800;;;;;;;;;;;;;;;;;;;;;;;
EX704;UTP_Bydgoszcz;2013;SW;;;6920;;;;;;;;;;;;;;;;;;;;;;;
EX705;UTP_Bydgoszcz;2013;SW;;;6880;;;;;;;;;;;;;;;;;;;;;;;
EX706;UTP_Bydgoszcz;2014;SB;;;6960;;;;;;;;;;;;;;;;;;;;;;;
EX707;UTP_Bydgoszcz;2014;SB;;;7670;;;;;;;;;;;;;;;;;;;;;;;
EX708;UTP_Bydgoszcz;2014;SB;;;8070;;;;;;;;;;;;;;;;;;;;;;;
EX709;UTP_Bydgoszcz;2014;SB;;;8830;;;;;;;;;;;;;;;;;;;;;;;
EX710;UTP_Bydgoszcz;2014;SB;;;6910;;;;;;;;;;;;;;;;;;;;;;;
EX711;UTP_Bydgoszcz;2014;SB;;;7550;;;;;;;;;;;;;;;;;;;;;;;
EX712;UTP_Bydgoszcz;2014;SB;;;7980;;;;;;;;;;;;;;;;;;;;;;;
EX713;UTP_Bydgoszcz;2014;SB;;;7790;;;;;;;;;;;;;;;;;;;;;;;
EX714;UTP_Bydgoszcz;2014;SW;;;4380;;;;;;;;;;;;;;;;;;;;;;;
EX715;UTP_Bydgoszcz;2014;SW;;;5630;;;;;;;;;;;;;;;;;;;;;;;
EX716;UTP_Bydgoszcz;2014;SW;;;6650;;;;;;;;;;;;;;;;;;;;;;;
EX717;UTP_Bydgoszcz;2014;SW;;;6390;;;;;;;;;;;;;;;;;;;;;;;
EX718;UTP_Bydgoszcz;2014;SW;;;3690;;;;;;;;;;;;;;;;;;;;;;;
EX719;UTP_Bydgoszcz;2014;SW;;;4100;;;;;;;;;;;;;;;;;;;;;;;
EX720;UTP_Bydgoszcz;2014;SW;;;4620;;;;;;;;;;;;;;;;;;;;;;;
EX721;UTP_Bydgoszcz;2014;SW;;;5160;;;;;;;;;;;;;;;;;;;;;;;
EX722;UTP_Bydgoszcz;2015;SB;;;7010;;;;;;;;;;;;;;;;;;;;;;;
EX723;UTP_Bydgoszcz;2015;SB;;;7530;;;;;;;;;;;;;;;;;;;;;;;
EX724;UTP_Bydgoszcz;2015;SB;;;7620;;;;;;;;;;;;;;;;;;;;;;;
EX725;UTP_Bydgoszcz;2015;SB;;;7880;;;;;;;;;;;;;;;;;;;;;;;
EX726;UTP_Bydgoszcz;2015;SB;;;3670;;;;;;;;;;;;;;;;;;;;;;;
EX727;UTP_Bydgoszcz;2015;SB;;;3080;;;;;;;;;;;;;;;;;;;;;;;
EX728;UTP_Bydgoszcz;2015;SB;;;2820;;;;;;;;;;;;;;;;;;;;;;;
EX729;UTP_Bydgoszcz;2015;SB;;;2860;;;;;;;;;;;;;;;;;;;;;;;
EX730;UTP_Bydgoszcz;2016;SB;;;6610;;;;;;;;;;;;;;;;;;;;;;;
EX731;UTP_Bydgoszcz;2016;SB;;;8050;;;;;;;;;;;;;;;;;;;;;;;
EX732;UTP_Bydgoszcz;2016;SB;;;8030;;;;;;;;;;;;;;;;;;;;;;;
EX733;UTP_Bydgoszcz;2016;SB;;;8620;;;;;;;;;;;;;;;;;;;;;;;
EX734;UTP_Bydgoszcz;2016;SB;;;5250;;;;;;;;;;;;;;;;;;;;;;;
EX735;UTP_Bydgoszcz;2016;SB;;;5130;;;;;;;;;;;;;;;;;;;;;;;
EX736;UTP_Bydgoszcz;2016;SB;;;4860;;;;;;;;;;;;;;;;;;;;;;;
EX737;UTP_Bydgoszcz;2016;SB;;;5010;;;;;;;;;;;;;;;;;;;;;;;
EX738;UTP_Bydgoszcz;2017;SB;;;5400;;;;;;;;;;;;;;;;;;;;;;;
EX739;UTP_Bydgoszcz;2017;SB;;;6220;;;;;;;;;;;;;;;;;;;;;;;
EX740;UTP_Bydgoszcz;2017;SB;;;5810;;;;;;;;;;;;;;;;;;;;;;;
EX741;UTP_Bydgoszcz;2017;SB;;;5360;;;;;;;;;;;;;;;;;;;;;;;
EX742;UTP_Bydgoszcz;2017;SB;;;4370;;;;;;;;;;;;;;;;;;;;;;;
EX743;UTP_Bydgoszcz;2017;SB;;;4860;;;;;;;;;;;;;;;;;;;;;;;
EX744;UTP_Bydgoszcz;2017;SB;;;4730;;;;;;;;;;;;;;;;;;;;;;;
EX745;UTP_Bydgoszcz;2017;SB;;;4800;;;;;;;;;;;;;;;;;;;;;;;
EX746;UTP_Bydgoszcz;2018;SB;;;5470;;;;;;;;;;;;;;;;;;;;;;;
EX747;UTP_Bydgoszcz;2018;SB;;;5750;;;;;;;;;;;;;;;;;;;;;;;
EX748;UTP_Bydgoszcz;2018;SB;;;5680;;;;;;;;;;;;;;;;;;;;;;;
EX749;UTP_Bydgoszcz;2018;SB;;;5300;;;;;;;;;;;;;;;;;;;;;;;
EX750;UTP_Bydgoszcz;2018;SB;;;1420;;;;;;;;;;;;;;;;;;;;;;;
EX751;UTP_Bydgoszcz;2018;SB;;;1300;;;;;;;;;;;;;;;;;;;;;;;
EX752;UTP_Bydgoszcz;2018;SB;;;1230;;;;;;;;;;;;;;;;;;;;;;;
EX753;UTP_Bydgoszcz;2018;SB;;;1160;;;;;;;;;;;;;;;;;;;;;;;
EX754;UTP_Bydgoszcz;2018;SM;;;9910;;;;;;;;;;;;;;;;;;;;;;;
EX755;UTP_Bydgoszcz;2018;SM;;;10350;;;;;;;;;;;;;;;;;;;;;;;
EX756;UTP_Bydgoszcz;2018;SM;;;4320;;;;;;;;;;;;;;;;;;;;;;;
EX757;UTP_Bydgoszcz;2018;SM;;;4910;;;;;;;;;;;;;;;;;;;;;;;
EX758;UTP_Bydgoszcz;2019;SB;;;5880;;;;;;;;;;;;;;;;;;;;;;;
EX759;UTP_Bydgoszcz;2019;SB;;;6300;;;;;;;;;;;;;;;;;;;;;;;
EX760;UTP_Bydgoszcz;2019;SB;;;6320;;;;;;;;;;;;;;;;;;;;;;;
EX761;UTP_Bydgoszcz;2019;SB;;;6730;;;;;;;;;;;;;;;;;;;;;;;
EX762;UTP_Bydgoszcz;2019;SB;;;3820;;;;;;;;;;;;;;;;;;;;;;;
EX763;UTP_Bydgoszcz;2019;SB;;;3500;;;;;;;;;;;;;;;;;;;;;;;
EX764;UTP_Bydgoszcz;2019;SB;;;3080;;;;;;;;;;;;;;;;;;;;;;;
EX765;UTP_Bydgoszcz;2019;SB;;;3010;;;;;;;;;;;;;;;;;;;;;;;
EX766;UTP_Bydgoszcz;2019;SM;;;9350;;;;;;;;;;;;;;;;;;;;;;;
EX767;UTP_Bydgoszcz;2019;SM;;;9850;;;;;;;;;;;;;;;;;;;;;;;
EX768;UTP_Bydgoszcz;2019;SM;;;3250;;;;;;;;;;;;;;;;;;;;;;;
EX769;UTP_Bydgoszcz;2019;SM;;;3070;;;;;;;;;;;;;;;;;;;;;;;
EX770;UTP_Bydgoszcz;2020;SW;;;6190;;;;;;;;;;;;;;;;;;;;;;;
EX771;UTP_Bydgoszcz;2020;SW;;;6300;;;;;;;;;;;;;;;;;;;;;;;
EX772;UTP_Bydgoszcz;2020;SW;;;6310;;;;;;;;;;;;;;;;;;;;;;;
EX773;UTP_Bydgoszcz;2020;SW;;;6360;;;;;;;;;;;;;;;;;;;;;;;
EX774;UTP_Bydgoszcz;2020;SW;;;4740;;;;;;;;;;;;;;;;;;;;;;;
EX775;UTP_Bydgoszcz;2020;SW;;;4770;;;;;;;;;;;;;;;;;;;;;;;
EX776;UTP_Bydgoszcz;2020;SW;;;4770;;;;;;;;;;;;;;;;;;;;;;;
EX777;UTP_Bydgoszcz;2020;SW;;;4940;;;;;;;;;;;;;;;;;;;;;;;
EX778;UTP_Bydgoszcz;2020;SM;;;13560;;;;;;;;;;;;;;;;;;;;;;;
EX779;UTP_Bydgoszcz;2020;SM;;;13910;;;;;;;;;;;;;;;;;;;;;;;
EX780;UTP_Bydgoszcz;2020;SM;;;8470;;;;;;;;;;;;;;;;;;;;;;;
EX781;UTP_Bydgoszcz;2020;SM;;;8810;;;;;;;;;;;;;;;;;;;;;;;
EX782;UTP_Bydgoszcz;2021;SW;;;4430;;;;;;;;;;;;;;;;;;;;;;;
EX783;UTP_Bydgoszcz;2021;SW;;;6360;;;;;;;;;;;;;;;;;;;;;;;
EX784;UTP_Bydgoszcz;2021;SW;;;7410;;;;;;;;;;;;;;;;;;;;;;;
EX785;UTP_Bydgoszcz;2021;SW;;;7370;;;;;;;;;;;;;;;;;;;;;;;
EX786;UTP_Bydgoszcz;2021;SW;;;3040;;;;;;;;;;;;;;;;;;;;;;;
EX787;UTP_Bydgoszcz;2021;SW;;;3870;;;;;;;;;;;;;;;;;;;;;;;
EX788;UTP_Bydgoszcz;2021;SW;;;3490;;;;;;;;;;;;;;;;;;;;;;;
EX789;UTP_Bydgoszcz;2021;SW;;;4050;;;;;;;;;;;;;;;;;;;;;;;
