Experiment;Name;Weather;Soil;Year;Sowing;Harvest;Irrigation;Management;Fertilisation_org;Fertilisation_min;Residues;CO2;Crop;Cultivar;Lat;Long;Elevation
EX1;ATB_Marquart;weather1;soil1;2015;19.10.2014;22.07.2015;irrig1;;no_fert;;no_resi;no_co2;WW;Opal, Kerubino;52.467;12.959;40
EX2;ATB_Marquart;weather1;soil1;2015;19.10.2014;22.07.2015;no_irrig;;no_fert;;no_resi;no_co2;WW;Opal, Kerubino;52.467;12.959;40
EX3;ATB_Marquart;weather1;soil2;2015;19.10.2014;04.08.2015;irrig1;;no_fert;;no_resi;no_co2;WW;Opal, Kerubino;52.467;12.959;40
EX4;ATB_Marquart;weather1;soil2;2015;19.10.2014;04.08.2015;no_irrig;;no_fert;;no_resi;no_co2;WW;Opal, Kerubino;52.467;12.959;40
EX5;ATB_Marquart;weather1;soil1;2016;12.10.2015;20.07.2016;no_irrig;;no_fert;;no_resi;no_co2;WW;Opal, Kerubino;52.467;12.959;40
EX6;ATB_Marquart;weather1;soil1;2016;12.10.2015;20.07.2016;irrig2;;no_fert;;no_resi;no_co2;WW;Opal, Kerubino;52.467;12.959;40
EX7;ATB_Marquart;weather1;soil2;2016;12.10.2015;20.07.2016;irrig2;;no_fert;;no_resi;no_co2;WW;Opal, Kerubino;52.467;12.959;40
EX8;ATB_Marquart;weather1;soil2;2016;12.10.2015;20.07.2016;no_irrig;;no_fert;;no_resi;no_co2;WW;Opal, Kerubino;52.467;12.959;40
EX9;ATB_Marquart;weather1;soil3;2017;23.09.2016;31.07.2017;no_irrig;;no_fert;;no_resi;no_co2;WW;Edgar, Kerubino;52.467;12.959;40
EX10;ATB_Marquart;weather1;soil3;2017;23.09.2016;31.07.2017;irrig3;;no_fert;;no_resi;no_co2;WW;Edgar, Kerubino;52.467;12.959;40
EX11;FI_Dahlhausen;weather2;soil4;2018;;19.09.2018;irrig4;;no_fert;;no_resi;no_co2;SM;no_cultivar;53.058;12.332;57
EX12;FI_Dahlhausen;weather2;soil5;2018;;19.09.2018;Irrig4;;no_fert;;no_resi;no_co2;SM;no_cultivar;53.058;12.332;57
EX13;FI_Dahlhausen;weather2;soil4;2018;;19.09.2018;no_irrig;;no_fert;;no_resi;no_co2;SM;no_cultivar;53.058;12.332;57
EX14;FI_Dahlhausen;weather2;soil5;2018;;19.09.2018;no_irrig;;no_fert;;no_resi;no_co2;SM;no_cultivar;53.058;12.332;57
EX15;FI_Dahlhausen;weather2;soil4;2019;;24.07.2019;no_irrig;;no_fert;;no_resi;no_co2;WW;no_cultivar;53.058;12.332;57
EX16;FI_Dahlhausen;weather2;soil5;2019;;24.07.2019;no_irrig;;no_fert;;no_resi;no_co2;WW;no_cultivar;53.058;12.332;57
EX17;FI_Dahlhausen;weather2;soil4;2019;;24.07.2019;irrig5;;no_fert;;no_resi;no_co2;WW;no_cultivar;53.058;12.332;57
EX18;FI_Dahlhausen;weather2;soil5;2019;;24.07.2019;irrig5;;no_fert;;no_resi;no_co2;WW;no_cultivar;53.058;12.332;57
EX19;FI_Dahlhausen;weather2;soil5;2020;;;no_irrig;;no_fert;;no_resi;no_co2;PO;no_cultivar;53.058;12.332;57
EX20;FI_Dahlhausen;weather2;soil4;2020;;;irrig6;;no_fert;;no_resi;no_co2;PO;no_cultivar;53.058;12.332;57
EX21;FI_Dahlhausen;weather2;soil5;2020;;;irrig6;;no_fert;;no_resi;no_co2;PO;no_cultivar;53.058;12.332;57
EX22;HUB_Thyrow_D1;weather3;soil6;2009;14.04.2009;15.09.2009;no_irrig;manag1;no_fert;no_fert;no_resi;no_co2;PO;Afra;52.252;13.235;47
EX23;HUB_Thyrow_D1;weather3;soil6;2009;29.09.2008;06.07.2009;no_irrig;manag2;no_fert;no_fert;no_resi;no_co2;WB;Theresa;52.252;13.235;47
EX24;HUB_Thyrow_D1;weather3;soil6;2009;26.08.2008;08.07.2009;no_irrig;manag3;no_fert;no_fert;resi1;no_co2;WC;Elektra;52.252;13.235;47
EX25;HUB_Thyrow_D1;weather3;soil6;2009;29.09.2008;28.07.2009;no_irrig;manag4;no_fert;no_fert;no_resi;no_co2;WR;Boresto;52.252;13.235;47
EX26;HUB_Thyrow_D1;weather3;soil6;2009;14.04.2009;15.09.2009;no_irrig;manag1;no_fert;fert4;no_resi;no_co2;PO;Afra;52.252;13.235;47
EX27;HUB_Thyrow_D1;weather3;soil6;2009;29.09.2008;06.07.2009;no_irrig;manag2;no_fert;fert2;no_resi;no_co2;WB;Theresa;52.252;13.235;47
EX28;HUB_Thyrow_D1;weather3;soil6;2009;26.08.2008;08.07.2009;no_irrig;manag3;no_fert;fert6;resi1;no_co2;WC;Elektra;52.252;13.235;47
EX29;HUB_Thyrow_D1;weather3;soil6;2009;29.09.2008;28.07.2009;no_irrig;manag4;no_fert;fert2;no_resi;no_co2;WR;Boresto;52.252;13.235;47
EX30;HUB_Thyrow_D1;weather3;soil6;2009;14.04.2009;15.09.2009;no_irrig;manag1;no_fert;fert3;no_resi;no_co2;PO;Afra;52.252;13.235;47
EX31;HUB_Thyrow_D1;weather3;soil6;2009;29.09.2008;06.07.2009;no_irrig;manag2;no_fert;fert1;no_resi;no_co2;WB;Theresa;52.252;13.235;47
EX32;HUB_Thyrow_D1;weather3;soil6;2009;26.08.2008;08.07.2009;no_irrig;manag3;no_fert;fert5;resi1;no_co2;WC;Elektra;52.252;13.235;47
EX33;HUB_Thyrow_D1;weather3;soil6;2009;29.09.2008;28.07.2009;no_irrig;manag4;no_fert;fert1;no_resi;no_co2;WR;Boresto;52.252;13.235;47
EX34;HUB_Thyrow_D1;weather3;soil6;2009;14.04.2009;15.09.2009;no_irrig;manag1;no_fert;fert3;no_resi;no_co2;PO;Afra;52.252;13.235;47
EX35;HUB_Thyrow_D1;weather3;soil6;2009;29.09.2008;06.07.2009;no_irrig;manag2;no_fert;fert1;no_resi;no_co2;WB;Theresa;52.252;13.235;47
EX36;HUB_Thyrow_D1;weather3;soil6;2009;26.08.2008;08.07.2009;no_irrig;manag3;no_fert;fert5;no_resi;no_co2;WC;Elektra;52.252;13.235;47
EX37;HUB_Thyrow_D1;weather3;soil6;2009;29.09.2008;28.07.2009;no_irrig;manag4;no_fert;fert1;no_resi;no_co2;WR;Boresto;52.252;13.235;47
EX38;HUB_Thyrow_D1;weather3;soil6;2009;29.09.2008;06.07.2009;irrig8;manag2;no_fert;no_fert;no_resi;no_co2;WB;Theresa;52.252;13.235;47
EX39;HUB_Thyrow_D1;weather3;soil6;2009;26.08.2008;08.07.2009;irrig8;manag3;no_fert;no_fert;resi1;no_co2;WC;Elektra;52.252;13.235;47
EX40;HUB_Thyrow_D1;weather3;soil6;2009;29.09.2008;28.07.2009;irrig7;manag4;no_fert;no_fert;no_resi;no_co2;WR;Boresto;52.252;13.235;47
EX41;HUB_Thyrow_D1;weather3;soil6;2009;29.09.2008;06.07.2009;irrig8;manag2;no_fert;fert2;no_resi;no_co2;WB;Theresa;52.252;13.235;47
EX42;HUB_Thyrow_D1;weather3;soil6;2009;26.08.2008;08.07.2009;irrig8;manag3;no_fert;fert6;resi1;no_co2;WC;Elektra;52.252;13.235;47
EX43;HUB_Thyrow_D1;weather3;soil6;2009;29.09.2008;28.07.2009;irrig7;manag4;no_fert;fert2;no_resi;no_co2;WR;Boresto;52.252;13.235;47
EX44;HUB_Thyrow_D1;weather3;soil6;2009;29.09.2008;06.07.2009;irrig8;manag2;no_fert;fert1;no_resi;no_co2;WB;Theresa;52.252;13.235;47
EX45;HUB_Thyrow_D1;weather3;soil6;2009;26.08.2008;08.07.2009;irrig8;manag3;no_fert;fert5;resi1;no_co2;WC;Elektra;52.252;13.235;47
EX46;HUB_Thyrow_D1;weather3;soil6;2009;29.09.2008;28.07.2009;irrig7;manag4;no_fert;fert1;no_resi;no_co2;WR;Boresto;52.252;13.235;47
EX47;HUB_Thyrow_D1;weather3;soil6;2009;29.09.2008;06.07.2009;irrig8;manag2;no_fert;fert1;no_resi;no_co2;WB;Theresa;52.252;13.235;47
EX48;HUB_Thyrow_D1;weather3;soil6;2009;26.08.2008;08.07.2009;irrig8;manag3;no_fert;fert5;no_resi;no_co2;WC;Elektra;52.252;13.235;47
EX49;HUB_Thyrow_D1;weather3;soil6;2009;29.09.2008;28.07.2009;irrig7;manag4;no_fert;fert1;no_resi;no_co2;WR;Boresto;52.252;13.235;47
EX50;HUB_Thyrow_D1;weather3;soil6;2010;14.04.2010;05.10.2010;no_irrig;manag5;no_fert;no_fert;no_resi;no_co2;PO;Afra;52.252;13.235;47
EX51;HUB_Thyrow_D1;weather3;soil6;2010;26.08.2009;13.07.2010;no_irrig;manag6;no_fert;no_fert;resi2;no_co2;WC;Elektra;52.252;13.235;47
EX52;HUB_Thyrow_D1;weather3;soil6;2010;17.09.2009;20.07.2010;no_irrig;manag7;no_fert;no_fert;no_resi;no_co2;WR;Boresto;52.252;13.235;47
EX53;HUB_Thyrow_D1;weather3;soil6;2010;28.09.2009;21.07.2010;no_irrig;manag8;no_fert;no_fert;no_resi;no_co2;WW;Discus;52.252;13.235;47
EX54;HUB_Thyrow_D1;weather3;soil6;2010;14.04.2010;05.10.2010;no_irrig;manag5;no_fert;fert8;no_resi;no_co2;PO;Afra;52.252;13.235;47
EX55;HUB_Thyrow_D1;weather3;soil6;2010;26.08.2009;13.07.2010;no_irrig;manag6;no_fert;fert10;resi2;no_co2;WC;Elektra;52.252;13.235;47
EX56;HUB_Thyrow_D1;weather3;soil6;2010;17.09.2009;20.07.2010;no_irrig;manag7;no_fert;fert8;no_resi;no_co2;WR;Boresto;52.252;13.235;47
EX57;HUB_Thyrow_D1;weather3;soil6;2010;28.09.2009;21.07.2010;no_irrig;manag8;no_fert;fert8;no_resi;no_co2;WW;Discus;52.252;13.235;47
EX58;HUB_Thyrow_D1;weather3;soil6;2010;14.04.2010;05.10.2010;no_irrig;manag5;no_fert;fert7;no_resi;no_co2;PO;Afra;52.252;13.235;47
EX59;HUB_Thyrow_D1;weather3;soil6;2010;26.08.2009;13.07.2010;no_irrig;manag6;no_fert;fert9;resi2;no_co2;WC;Elektra;52.252;13.235;47
EX60;HUB_Thyrow_D1;weather3;soil6;2010;17.09.2009;20.07.2010;no_irrig;manag7;no_fert;fert7;no_resi;no_co2;WR;Boresto;52.252;13.235;47
EX61;HUB_Thyrow_D1;weather3;soil6;2010;28.09.2009;21.07.2010;no_irrig;manag8;no_fert;fert7;no_resi;no_co2;WW;Discus;52.252;13.235;47
EX62;HUB_Thyrow_D1;weather3;soil6;2010;14.04.2010;05.10.2010;no_irrig;manag5;no_fert;fert7;no_resi;no_co2;PO;Afra;52.252;13.235;47
EX63;HUB_Thyrow_D1;weather3;soil6;2010;26.08.2009;13.07.2010;no_irrig;manag6;no_fert;fert9;no_resi;no_co2;WC;Elektra;52.252;13.235;47
EX64;HUB_Thyrow_D1;weather3;soil6;2010;17.09.2009;20.07.2010;no_irrig;manag7;no_fert;fert7;no_resi;no_co2;WR;Boresto;52.252;13.235;47
EX65;HUB_Thyrow_D1;weather3;soil6;2010;28.09.2009;21.07.2010;no_irrig;manag8;no_fert;fert7;no_resi;no_co2;WW;Discus;52.252;13.235;47
EX66;HUB_Thyrow_D1;weather3;soil6;2010;14.04.2010;05.10.2010;irrig9;manag5;no_fert;no_fert;no_resi;no_co2;PO;Afra;52.252;13.235;47
EX67;HUB_Thyrow_D1;weather3;soil6;2010;26.08.2009;13.07.2010;irrig10;manag6;no_fert;no_fert;resi2;no_co2;WC;Elektra;52.252;13.235;47
EX68;HUB_Thyrow_D1;weather3;soil6;2010;17.09.2009;20.07.2010;irrig10;manag7;no_fert;no_fert;no_resi;no_co2;WR;Boresto;52.252;13.235;47
EX69;HUB_Thyrow_D1;weather3;soil6;2010;28.09.2009;21.07.2010;irrig9;manag8;no_fert;no_fert;no_resi;no_co2;WW;Discus;52.252;13.235;47
EX70;HUB_Thyrow_D1;weather3;soil6;2010;14.04.2010;05.10.2010;irrig9;manag5;no_fert;fert8;no_resi;no_co2;PO;Afra;52.252;13.235;47
EX71;HUB_Thyrow_D1;weather3;soil6;2010;26.08.2009;13.07.2010;irrig10;manag6;no_fert;fert10;resi2;no_co2;WC;Elektra;52.252;13.235;47
EX72;HUB_Thyrow_D1;weather3;soil6;2010;17.09.2009;20.07.2010;irrig10;manag7;no_fert;fert8;no_resi;no_co2;WR;Boresto;52.252;13.235;47
EX73;HUB_Thyrow_D1;weather3;soil6;2010;28.09.2009;21.07.2010;irrig9;manag8;no_fert;fert8;no_resi;no_co2;WW;Discus;52.252;13.235;47
EX74;HUB_Thyrow_D1;weather3;soil6;2010;14.04.2010;05.10.2010;irrig9;manag5;no_fert;fert7;no_resi;no_co2;PO;Afra;52.252;13.235;47
EX75;HUB_Thyrow_D1;weather3;soil6;2010;26.08.2009;13.07.2010;irrig10;manag6;no_fert;fert9;resi2;no_co2;WC;Elektra;52.252;13.235;47
EX76;HUB_Thyrow_D1;weather3;soil6;2010;17.09.2009;20.07.2010;irrig10;manag7;no_fert;fert7;no_resi;no_co2;WR;Boresto;52.252;13.235;47
EX77;HUB_Thyrow_D1;weather3;soil6;2010;28.09.2009;21.07.2010;irrig9;manag8;no_fert;fert7;no_resi;no_co2;WW;Discus;52.252;13.235;47
EX78;HUB_Thyrow_D1;weather3;soil6;2010;14.04.2010;05.10.2010;irrig9;manag5;no_fert;fert7;no_resi;no_co2;PO;Afra;52.252;13.235;47
EX79;HUB_Thyrow_D1;weather3;soil6;2010;26.08.2009;13.07.2010;irrig10;manag6;no_fert;fert9;no_resi;no_co2;WC;Elektra;52.252;13.235;47
EX80;HUB_Thyrow_D1;weather3;soil6;2010;17.09.2009;20.07.2010;irrig10;manag7;no_fert;fert7;no_resi;no_co2;WR;Boresto;52.252;13.235;47
EX81;HUB_Thyrow_D1;weather3;soil6;2010;28.09.2009;21.07.2010;irrig9;manag8;no_fert;fert7;no_resi;no_co2;WW;Discus;52.252;13.235;47
EX82;HUB_Thyrow_D1;weather3;soil6;2011;11.04.2011;15.09.2011;no_irrig;manag9;no_fert;no_fert;no_resi;no_co2;PO;Afra;52.252;13.235;47
EX83;HUB_Thyrow_D1;weather3;soil6;2011;25.08.2010;13.07.2011;no_irrig;manag10;no_fert;no_fert;resi3;no_co2;WC;Elektra;52.252;13.235;47
EX84;HUB_Thyrow_D1;weather3;soil6;2011;07.10.2010;26.07.2011;no_irrig;manag11;no_fert;no_fert;no_resi;no_co2;WR;Boresto;52.252;13.235;47
EX85;HUB_Thyrow_D1;weather3;soil6;2011;07.10.2010;19.07.2011;no_irrig;manag12;no_fert;no_fert;no_resi;no_co2;WW;Discus;52.252;13.235;47
EX86;HUB_Thyrow_D1;weather3;soil6;2011;11.04.2011;15.09.2011;no_irrig;manag9;no_fert;fert12;no_resi;no_co2;PO;Afra;52.252;13.235;47
EX87;HUB_Thyrow_D1;weather3;soil6;2011;25.08.2010;13.07.2011;no_irrig;manag10;no_fert;fert16;resi3;no_co2;WC;Elektra;52.252;13.235;47
EX88;HUB_Thyrow_D1;weather3;soil6;2011;07.10.2010;26.07.2011;no_irrig;manag11;no_fert;fert14;no_resi;no_co2;WR;Boresto;52.252;13.235;47
EX89;HUB_Thyrow_D1;weather3;soil6;2011;07.10.2010;19.07.2011;no_irrig;manag12;no_fert;fert14;no_resi;no_co2;WW;Discus;52.252;13.235;47
EX90;HUB_Thyrow_D1;weather3;soil6;2011;11.04.2011;15.09.2011;no_irrig;manag9;no_fert;fert11;no_resi;no_co2;PO;Afra;52.252;13.235;47
EX91;HUB_Thyrow_D1;weather3;soil6;2011;25.08.2010;13.07.2011;no_irrig;manag10;no_fert;fert15;resi3;no_co2;WC;Elektra;52.252;13.235;47
EX92;HUB_Thyrow_D1;weather3;soil6;2011;07.10.2010;26.07.2011;no_irrig;manag11;no_fert;fert13;no_resi;no_co2;WR;Boresto;52.252;13.235;47
EX93;HUB_Thyrow_D1;weather3;soil6;2011;07.10.2010;19.07.2011;no_irrig;manag12;no_fert;fert13;no_resi;no_co2;WW;Discus;52.252;13.235;47
EX94;HUB_Thyrow_D1;weather3;soil6;2011;11.04.2011;15.09.2011;no_irrig;manag9;no_fert;fert11;no_resi;no_co2;PO;Afra;52.252;13.235;47
EX95;HUB_Thyrow_D1;weather3;soil6;2011;25.08.2010;13.07.2011;no_irrig;manag10;no_fert;fert15;no_resi;no_co2;WC;Elektra;52.252;13.235;47
EX96;HUB_Thyrow_D1;weather3;soil6;2011;07.10.2010;26.07.2011;no_irrig;manag11;no_fert;fert13;no_resi;no_co2;WR;Boresto;52.252;13.235;47
EX97;HUB_Thyrow_D1;weather3;soil6;2011;07.10.2010;19.07.2011;no_irrig;manag12;no_fert;fert13;no_resi;no_co2;WW;Discus;52.252;13.235;47
EX98;HUB_Thyrow_D1;weather3;soil6;2011;11.04.2011;15.09.2011;irrig11;manag9;no_fert;no_fert;no_resi;no_co2;PO;Afra;52.252;13.235;47
EX99;HUB_Thyrow_D1;weather3;soil6;2011;25.08.2010;13.07.2011;irrig12;manag10;no_fert;no_fert;resi3;no_co2;WC;Elektra;52.252;13.235;47
EX100;HUB_Thyrow_D1;weather3;soil6;2011;07.10.2010;26.07.2011;irrig13;manag11;no_fert;no_fert;no_resi;no_co2;WR;Boresto;52.252;13.235;47
EX101;HUB_Thyrow_D1;weather3;soil6;2011;07.10.2010;19.07.2011;irrig12;manag12;no_fert;no_fert;no_resi;no_co2;WW;Discus;52.252;13.235;47
EX102;HUB_Thyrow_D1;weather3;soil6;2011;11.04.2011;15.09.2011;irrig11;manag9;no_fert;fert12;no_resi;no_co2;PO;Afra;52.252;13.235;47
EX103;HUB_Thyrow_D1;weather3;soil6;2011;25.08.2010;13.07.2011;irrig12;manag10;no_fert;fert16;resi3;no_co2;WC;Elektra;52.252;13.235;47
EX104;HUB_Thyrow_D1;weather3;soil6;2011;07.10.2010;26.07.2011;irrig13;manag11;no_fert;fert14;no_resi;no_co2;WR;Boresto;52.252;13.235;47
EX105;HUB_Thyrow_D1;weather3;soil6;2011;07.10.2010;19.07.2011;irrig12;manag12;no_fert;fert14;no_resi;no_co2;WW;Discus;52.252;13.235;47
EX106;HUB_Thyrow_D1;weather3;soil6;2011;11.04.2011;15.09.2011;irrig11;manag9;no_fert;fert11;no_resi;no_co2;PO;Afra;52.252;13.235;47
EX107;HUB_Thyrow_D1;weather3;soil6;2011;25.08.2010;13.07.2011;irrig12;manag10;no_fert;fert15;resi3;no_co2;WC;Elektra;52.252;13.235;47
EX108;HUB_Thyrow_D1;weather3;soil6;2011;07.10.2010;26.07.2011;irrig13;manag11;no_fert;fert13;no_resi;no_co2;WR;Boresto;52.252;13.235;47
EX109;HUB_Thyrow_D1;weather3;soil6;2011;07.10.2010;19.07.2011;irrig12;manag12;no_fert;fert13;no_resi;no_co2;WW;Discus;52.252;13.235;47
EX110;HUB_Thyrow_D1;weather3;soil6;2011;11.04.2011;15.09.2011;irrig11;manag9;no_fert;fert11;no_resi;no_co2;PO;Afra;52.252;13.235;47
EX111;HUB_Thyrow_D1;weather3;soil6;2011;25.08.2010;13.07.2011;irrig12;manag10;no_fert;fert15;no_resi;no_co2;WC;Elektra;52.252;13.235;47
EX112;HUB_Thyrow_D1;weather3;soil6;2011;07.10.2010;26.07.2011;irrig13;manag11;no_fert;fert13;no_resi;no_co2;WR;Boresto;52.252;13.235;47
EX113;HUB_Thyrow_D1;weather3;soil6;2011;07.10.2010;19.07.2011;irrig12;manag12;no_fert;fert13;no_resi;no_co2;WW;Discus;52.252;13.235;47
EX114;HUB_Thyrow_D1;weather3;soil6;2012;16.04.2012;06.09.2012;no_irrig;manag13;no_fert;no_fert;no_resi;no_co2;PO;Afra;52.252;13.235;47
EX115;HUB_Thyrow_D1;weather3;soil6;2012;29.09.2011;27.07.2012;no_irrig;manag15;no_fert;no_fert;no_resi;no_co2;WR;Boresto;52.252;13.235;47
EX116;HUB_Thyrow_D1;weather3;soil6;2012;29.09.2011;24.07.2012;no_irrig;manag16;no_fert;no_fert;no_resi;no_co2;WW;Discus;52.252;13.235;47
EX117;HUB_Thyrow_D1;weather3;soil6;2012;16.04.2012;06.09.2012;no_irrig;manag13;no_fert;fert22;no_resi;no_co2;PO;Afra;52.252;13.235;47
EX118;HUB_Thyrow_D1;weather3;soil6;2012;08.08.2011;10.07.2012;no_irrig;manag14;no_fert;fert20;resi4;no_co2;WC;Elektra;52.252;13.235;47
EX119;HUB_Thyrow_D1;weather3;soil6;2012;29.09.2011;27.07.2012;no_irrig;manag15;no_fert;fert18;no_resi;no_co2;WR;Boresto;52.252;13.235;47
EX120;HUB_Thyrow_D1;weather3;soil6;2012;29.09.2011;24.07.2012;no_irrig;manag16;no_fert;fert18;no_resi;no_co2;WW;Discus;52.252;13.235;47
EX121;HUB_Thyrow_D1;weather3;soil6;2012;16.04.2012;06.09.2012;no_irrig;manag13;no_fert;fert21;no_resi;no_co2;PO;Afra;52.252;13.235;47
EX122;HUB_Thyrow_D1;weather3;soil6;2012;08.08.2011;10.07.2012;no_irrig;manag14;no_fert;fert19;resi4;no_co2;WC;Elektra;52.252;13.235;47
EX123;HUB_Thyrow_D1;weather3;soil6;2012;29.09.2011;27.07.2012;no_irrig;manag15;no_fert;fert17;no_resi;no_co2;WR;Boresto;52.252;13.235;47
EX124;HUB_Thyrow_D1;weather3;soil6;2012;29.09.2011;24.07.2012;no_irrig;manag16;no_fert;fert17;no_resi;no_co2;WW;Discus;52.252;13.235;47
EX125;HUB_Thyrow_D1;weather3;soil6;2012;16.04.2012;06.09.2012;no_irrig;manag13;no_fert;fert21;no_resi;no_co2;PO;Afra;52.252;13.235;47
EX126;HUB_Thyrow_D1;weather3;soil6;2012;08.08.2011;10.07.2012;no_irrig;manag14;no_fert;fert19;no_resi;no_co2;WC;Elektra;52.252;13.235;47
EX127;HUB_Thyrow_D1;weather3;soil6;2012;29.09.2011;27.07.2012;no_irrig;manag15;no_fert;fert17;no_resi;no_co2;WR;Boresto;52.252;13.235;47
EX128;HUB_Thyrow_D1;weather3;soil6;2012;29.09.2011;24.07.2012;no_irrig;manag16;no_fert;fert17;no_resi;no_co2;WW;Discus;52.252;13.235;47
EX129;HUB_Thyrow_D1;weather3;soil6;2012;16.04.2012;06.09.2012;irrig15;manag13;no_fert;no_fert;no_resi;no_co2;PO;Afra;52.252;13.235;47
EX130;HUB_Thyrow_D1;weather3;soil6;2012;29.09.2011;27.07.2012;irrig14;manag15;no_fert;no_fert;no_resi;no_co2;WR;Boresto;52.252;13.235;47
EX131;HUB_Thyrow_D1;weather3;soil6;2012;29.09.2011;24.07.2012;irrig14;manag16;no_fert;no_fert;no_resi;no_co2;WW;Discus;52.252;13.235;47
EX132;HUB_Thyrow_D1;weather3;soil6;2012;16.04.2012;06.09.2012;irrig15;manag13;no_fert;fert22;no_resi;no_co2;PO;Afra;52.252;13.235;47
EX133;HUB_Thyrow_D1;weather3;soil6;2012;08.08.2011;10.07.2012;irrig14;manag14;no_fert;fert20;resi4;no_co2;WC;Elektra;52.252;13.235;47
EX134;HUB_Thyrow_D1;weather3;soil6;2012;29.09.2011;27.07.2012;irrig14;manag15;no_fert;fert18;no_resi;no_co2;WR;Boresto;52.252;13.235;47
EX135;HUB_Thyrow_D1;weather3;soil6;2012;29.09.2011;24.07.2012;irrig14;manag16;no_fert;fert18;no_resi;no_co2;WW;Discus;52.252;13.235;47
EX136;HUB_Thyrow_D1;weather3;soil6;2012;16.04.2012;06.09.2012;irrig15;manag13;no_fert;fert21;no_resi;no_co2;PO;Afra;52.252;13.235;47
EX137;HUB_Thyrow_D1;weather3;soil6;2012;08.08.2011;10.07.2012;irrig14;manag14;no_fert;fert19;resi4;no_co2;WC;Elektra;52.252;13.235;47
EX138;HUB_Thyrow_D1;weather3;soil6;2012;29.09.2011;27.07.2012;irrig14;manag15;no_fert;fert17;no_resi;no_co2;WR;Boresto;52.252;13.235;47
EX139;HUB_Thyrow_D1;weather3;soil6;2012;29.09.2011;24.07.2012;irrig14;manag16;no_fert;fert17;no_resi;no_co2;WW;Discus;52.252;13.235;47
EX140;HUB_Thyrow_D1;weather3;soil6;2012;16.04.2012;06.09.2012;irrig15;manag13;no_fert;fert21;no_resi;no_co2;PO;Afra;52.252;13.235;47
EX141;HUB_Thyrow_D1;weather3;soil6;2012;08.08.2011;10.07.2012;irrig14;manag14;no_fert;fert19;no_resi;no_co2;WC;Elektra;52.252;13.235;47
EX142;HUB_Thyrow_D1;weather3;soil6;2012;29.09.2011;27.07.2012;irrig14;manag15;no_fert;fert17;no_resi;no_co2;WR;Boresto;52.252;13.235;47
EX143;HUB_Thyrow_D1;weather3;soil6;2012;29.09.2011;24.07.2012;irrig14;manag16;no_fert;fert17;no_resi;no_co2;WW;Discus;52.252;13.235;47
EX144;HUB_Thyrow_D1;weather3;soil6;2013;23.04.2013;10.09.2013;no_irrig;manag17;no_fert;no_fert;no_resi;no_co2;PO;Afra;52.252;13.235;47
EX145;HUB_Thyrow_D1;weather3;soil6;2013;20.08.2012;22.07.2013;no_irrig;manag18;no_fert;no_fert;resi5;no_co2;WC;Visby;52.252;13.235;47
EX146;HUB_Thyrow_D1;weather3;soil6;2013;04.10.2012;02.08.2013;no_irrig;manag19;no_fert;no_fert;no_resi;no_co2;WR;Conduct;52.252;13.235;47
EX147;HUB_Thyrow_D1;weather3;soil6;2013;04.10.2012;26.07.2013;no_irrig;manag20;no_fert;no_fert;no_resi;no_co2;WW;Discus;52.252;13.235;47
EX148;HUB_Thyrow_D1;weather3;soil6;2013;23.04.2013;10.09.2013;no_irrig;manag17;no_fert;fert26;no_resi;no_co2;PO;Afra;52.252;13.235;47
EX149;HUB_Thyrow_D1;weather3;soil6;2013;20.08.2012;22.07.2013;no_irrig;manag18;no_fert;fert24;resi5;no_co2;WC;Visby;52.252;13.235;47
EX150;HUB_Thyrow_D1;weather3;soil6;2013;04.10.2012;02.08.2013;no_irrig;manag19;no_fert;fert26;no_resi;no_co2;WR;Conduct;52.252;13.235;47
EX151;HUB_Thyrow_D1;weather3;soil6;2013;04.10.2012;26.07.2013;no_irrig;manag20;no_fert;fert26;no_resi;no_co2;WW;Discus;52.252;13.235;47
EX152;HUB_Thyrow_D1;weather3;soil6;2013;23.04.2013;10.09.2013;no_irrig;manag17;no_fert;fert25;no_resi;no_co2;PO;Afra;52.252;13.235;47
EX153;HUB_Thyrow_D1;weather3;soil6;2013;20.08.2012;22.07.2013;no_irrig;manag18;no_fert;fert23;resi5;no_co2;WC;Visby;52.252;13.235;47
EX154;HUB_Thyrow_D1;weather3;soil6;2013;04.10.2012;02.08.2013;no_irrig;manag19;no_fert;fert25;no_resi;no_co2;WR;Conduct;52.252;13.235;47
EX155;HUB_Thyrow_D1;weather3;soil6;2013;04.10.2012;26.07.2013;no_irrig;manag20;no_fert;fert25;no_resi;no_co2;WW;Discus;52.252;13.235;47
EX156;HUB_Thyrow_D1;weather3;soil6;2013;23.04.2013;10.09.2013;no_irrig;manag17;no_fert;fert25;no_resi;no_co2;PO;Afra;52.252;13.235;47
EX157;HUB_Thyrow_D1;weather3;soil6;2013;20.08.2012;22.07.2013;no_irrig;manag18;no_fert;fert23;no_resi;no_co2;WC;Visby;52.252;13.235;47
EX158;HUB_Thyrow_D1;weather3;soil6;2013;04.10.2012;02.08.2013;no_irrig;manag19;no_fert;fert25;no_resi;no_co2;WR;Conduct;52.252;13.235;47
EX159;HUB_Thyrow_D1;weather3;soil6;2013;04.10.2012;26.07.2013;no_irrig;manag20;no_fert;fert25;no_resi;no_co2;WW;Discus;52.252;13.235;47
EX160;HUB_Thyrow_D1;weather3;soil6;2013;23.04.2013;10.09.2013;irrig18;manag17;no_fert;no_fert;no_resi;no_co2;PO;Afra;52.252;13.235;47
EX161;HUB_Thyrow_D1;weather3;soil6;2013;20.08.2012;22.07.2013;irrig16;manag18;no_fert;no_fert;resi5;no_co2;WC;Visby;52.252;13.235;47
EX162;HUB_Thyrow_D1;weather3;soil6;2013;04.10.2012;02.08.2013;irrig17;manag19;no_fert;no_fert;no_resi;no_co2;WR;Conduct;52.252;13.235;47
EX163;HUB_Thyrow_D1;weather3;soil6;2013;04.10.2012;26.07.2013;irrig19;manag20;no_fert;no_fert;no_resi;no_co2;WW;Discus;52.252;13.235;47
EX164;HUB_Thyrow_D1;weather3;soil6;2013;23.04.2013;10.09.2013;irrig18;manag17;no_fert;fert26;no_resi;no_co2;PO;Afra;52.252;13.235;47
EX165;HUB_Thyrow_D1;weather3;soil6;2013;20.08.2012;22.07.2013;irrig16;manag18;no_fert;fert24;resi5;no_co2;WC;Visby;52.252;13.235;47
EX166;HUB_Thyrow_D1;weather3;soil6;2013;04.10.2012;02.08.2013;irrig17;manag19;no_fert;fert26;no_resi;no_co2;WR;Conduct;52.252;13.235;47
EX167;HUB_Thyrow_D1;weather3;soil6;2013;04.10.2012;26.07.2013;irrig19;manag20;no_fert;fert26;no_resi;no_co2;WW;Discus;52.252;13.235;47
EX168;HUB_Thyrow_D1;weather3;soil6;2013;23.04.2013;10.09.2013;irrig18;manag17;no_fert;fert25;no_resi;no_co2;PO;Afra;52.252;13.235;47
EX169;HUB_Thyrow_D1;weather3;soil6;2013;20.08.2012;22.07.2013;irrig16;manag18;no_fert;fert23;resi5;no_co2;WC;Visby;52.252;13.235;47
EX170;HUB_Thyrow_D1;weather3;soil6;2013;04.10.2012;02.08.2013;irrig17;manag19;no_fert;fert25;no_resi;no_co2;WR;Conduct;52.252;13.235;47
EX171;HUB_Thyrow_D1;weather3;soil6;2013;04.10.2012;26.07.2013;irrig19;manag20;no_fert;fert25;no_resi;no_co2;WW;Discus;52.252;13.235;47
EX172;HUB_Thyrow_D1;weather3;soil6;2013;23.04.2013;10.09.2013;irrig18;manag17;no_fert;fert25;no_resi;no_co2;PO;Afra;52.252;13.235;47
EX173;HUB_Thyrow_D1;weather3;soil6;2013;20.08.2012;22.07.2013;irrig16;manag18;no_fert;fert23;no_resi;no_co2;WC;Visby;52.252;13.235;47
EX174;HUB_Thyrow_D1;weather3;soil6;2013;04.10.2012;02.08.2013;irrig17;manag19;no_fert;fert25;no_resi;no_co2;WR;Conduct;52.252;13.235;47
EX175;HUB_Thyrow_D1;weather3;soil6;2013;04.10.2012;26.07.2013;irrig19;manag20;no_fert;fert25;no_resi;no_co2;WW;Discus;52.252;13.235;47
EX176;HUB_Thyrow_D1;weather3;soil6;2014;10.04.2014;28.08.2014;no_irrig;manag21;no_fert;no_fert;no_resi;no_co2;PO;Afra;52.252;13.235;47
EX177;HUB_Thyrow_D1;weather3;soil6;2014;28.08.2013;10.07.2014;no_irrig;manag22;no_fert;no_fert;resi6;no_co2;WC;Visby;52.252;13.235;47
EX178;HUB_Thyrow_D1;weather3;soil6;2014;01.10.2013;21.07.2014;no_irrig;manag23;no_fert;no_fert;no_resi;no_co2;WR;Conduct;52.252;13.235;47
EX179;HUB_Thyrow_D1;weather3;soil6;2014;16.10.2013;21.07.2014;no_irrig;manag24;no_fert;no_fert;no_resi;no_co2;WW;Discus;52.252;13.235;47
EX180;HUB_Thyrow_D1;weather3;soil6;2014;10.04.2014;28.08.2014;no_irrig;manag21;no_fert;fert30;no_resi;no_co2;PO;Afra;52.252;13.235;47
EX181;HUB_Thyrow_D1;weather3;soil6;2014;28.08.2013;10.07.2014;no_irrig;manag22;no_fert;fert32;resi6;no_co2;WC;Visby;52.252;13.235;47
EX182;HUB_Thyrow_D1;weather3;soil6;2014;01.10.2013;21.07.2014;no_irrig;manag23;no_fert;fert28;no_resi;no_co2;WR;Conduct;52.252;13.235;47
EX183;HUB_Thyrow_D1;weather3;soil6;2014;16.10.2013;21.07.2014;no_irrig;manag24;no_fert;fert28;no_resi;no_co2;WW;Discus;52.252;13.235;47
EX184;HUB_Thyrow_D1;weather3;soil6;2014;10.04.2014;28.08.2014;no_irrig;manag21;no_fert;fert29;no_resi;no_co2;PO;Afra;52.252;13.235;47
EX185;HUB_Thyrow_D1;weather3;soil6;2014;28.08.2013;10.07.2014;no_irrig;manag22;no_fert;fert31;resi6;no_co2;WC;Visby;52.252;13.235;47
EX186;HUB_Thyrow_D1;weather3;soil6;2014;01.10.2013;21.07.2014;no_irrig;manag23;no_fert;fert27;no_resi;no_co2;WR;Conduct;52.252;13.235;47
EX187;HUB_Thyrow_D1;weather3;soil6;2014;16.10.2013;21.07.2014;no_irrig;manag24;no_fert;fert27;no_resi;no_co2;WW;Discus;52.252;13.235;47
EX188;HUB_Thyrow_D1;weather3;soil6;2014;10.04.2014;28.08.2014;no_irrig;manag21;no_fert;fert29;no_resi;no_co2;PO;Afra;52.252;13.235;47
EX189;HUB_Thyrow_D1;weather3;soil6;2014;28.08.2013;10.07.2014;no_irrig;manag22;no_fert;fert31;no_resi;no_co2;WC;Visby;52.252;13.235;47
EX190;HUB_Thyrow_D1;weather3;soil6;2014;01.10.2013;21.07.2014;no_irrig;manag23;no_fert;fert27;no_resi;no_co2;WR;Conduct;52.252;13.235;47
EX191;HUB_Thyrow_D1;weather3;soil6;2014;16.10.2013;21.07.2014;no_irrig;manag24;no_fert;fert27;no_resi;no_co2;WW;Discus;52.252;13.235;47
EX192;HUB_Thyrow_D1;weather3;soil6;2014;10.04.2014;28.08.2014;irrig21;manag21;no_fert;no_fert;no_resi;no_co2;PO;Afra;52.252;13.235;47
EX193;HUB_Thyrow_D1;weather3;soil6;2014;28.08.2013;10.07.2014;irrig23;manag22;no_fert;no_fert;resi6;no_co2;WC;Visby;52.252;13.235;47
EX194;HUB_Thyrow_D1;weather3;soil6;2014;01.10.2013;21.07.2014;irrig20;manag23;no_fert;no_fert;no_resi;no_co2;WR;Conduct;52.252;13.235;47
EX195;HUB_Thyrow_D1;weather3;soil6;2014;16.10.2013;21.07.2014;irrig22;manag24;no_fert;no_fert;no_resi;no_co2;WW;Discus;52.252;13.235;47
EX196;HUB_Thyrow_D1;weather3;soil6;2014;10.04.2014;28.08.2014;irrig21;manag21;no_fert;fert30;no_resi;no_co2;PO;Afra;52.252;13.235;47
EX197;HUB_Thyrow_D1;weather3;soil6;2014;28.08.2013;10.07.2014;irrig23;manag22;no_fert;fert32;resi6;no_co2;WC;Visby;52.252;13.235;47
EX198;HUB_Thyrow_D1;weather3;soil6;2014;01.10.2013;21.07.2014;irrig20;manag23;no_fert;fert28;no_resi;no_co2;WR;Conduct;52.252;13.235;47
EX199;HUB_Thyrow_D1;weather3;soil6;2014;16.10.2013;21.07.2014;irrig22;manag24;no_fert;fert28;no_resi;no_co2;WW;Discus;52.252;13.235;47
EX200;HUB_Thyrow_D1;weather3;soil6;2014;10.04.2014;28.08.2014;irrig21;manag21;no_fert;fert29;no_resi;no_co2;PO;Afra;52.252;13.235;47
EX201;HUB_Thyrow_D1;weather3;soil6;2014;28.08.2013;10.07.2014;irrig23;manag22;no_fert;fert31;resi6;no_co2;WC;Visby;52.252;13.235;47
EX202;HUB_Thyrow_D1;weather3;soil6;2014;01.10.2013;21.07.2014;irrig20;manag23;no_fert;fert27;no_resi;no_co2;WR;Conduct;52.252;13.235;47
EX203;HUB_Thyrow_D1;weather3;soil6;2014;16.10.2013;21.07.2014;irrig22;manag24;no_fert;fert27;no_resi;no_co2;WW;Discus;52.252;13.235;47
EX204;HUB_Thyrow_D1;weather3;soil6;2014;10.04.2014;28.08.2014;irrig21;manag21;no_fert;fert29;no_resi;no_co2;PO;Afra;52.252;13.235;47
EX205;HUB_Thyrow_D1;weather3;soil6;2014;28.08.2013;10.07.2014;irrig23;manag22;no_fert;fert31;no_resi;no_co2;WC;Visby;52.252;13.235;47
EX206;HUB_Thyrow_D1;weather3;soil6;2014;01.10.2013;21.07.2014;irrig20;manag23;no_fert;fert27;no_resi;no_co2;WR;Conduct;52.252;13.235;47
EX207;HUB_Thyrow_D1;weather3;soil6;2014;16.10.2013;21.07.2014;irrig22;manag24;no_fert;fert27;no_resi;no_co2;WW;Discus;52.252;13.235;47
EX208;HUB_Thyrow_D1;weather3;soil6;2015;14.04.2015;10.09.2015;no_irrig;manag25;no_fert;no_fert;no_resi;no_co2;PO;Afra;52.252;13.235;47
EX209;HUB_Thyrow_D1;weather3;soil6;2015;26.08.2014;21.07.2015;no_irrig;manag26;no_fert;no_fert;resi7;no_co2;WC;Visby;52.252;13.235;47
EX210;HUB_Thyrow_D1;weather3;soil6;2015;24.09.2014;04.08.2015;no_irrig;manag27;no_fert;no_fert;no_resi;no_co2;WR;Conduct;52.252;13.235;47
EX211;HUB_Thyrow_D1;weather3;soil6;2015;24.09.2014;23.07.2015;no_irrig;manag28;no_fert;no_fert;no_resi;no_co2;WW;Julius;52.252;13.235;47
EX212;HUB_Thyrow_D1;weather3;soil6;2015;14.04.2015;10.09.2015;no_irrig;manag25;no_fert;fert34;no_resi;no_co2;PO;Afra;52.252;13.235;47
EX213;HUB_Thyrow_D1;weather3;soil6;2015;26.08.2014;21.07.2015;no_irrig;manag26;no_fert;fert38;resi7;no_co2;WC;Visby;52.252;13.235;47
EX214;HUB_Thyrow_D1;weather3;soil6;2015;24.09.2014;04.08.2015;no_irrig;manag27;no_fert;fert36;no_resi;no_co2;WR;Conduct;52.252;13.235;47
EX215;HUB_Thyrow_D1;weather3;soil6;2015;24.09.2014;23.07.2015;no_irrig;manag28;no_fert;fert36;no_resi;no_co2;WW;Julius;52.252;13.235;47
EX216;HUB_Thyrow_D1;weather3;soil6;2015;14.04.2015;10.09.2015;no_irrig;manag25;no_fert;fert33;no_resi;no_co2;PO;Afra;52.252;13.235;47
EX217;HUB_Thyrow_D1;weather3;soil6;2015;26.08.2014;21.07.2015;no_irrig;manag26;no_fert;fert37;resi7;no_co2;WC;Visby;52.252;13.235;47
EX218;HUB_Thyrow_D1;weather3;soil6;2015;24.09.2014;04.08.2015;no_irrig;manag27;no_fert;fert35;no_resi;no_co2;WR;Conduct;52.252;13.235;47
EX219;HUB_Thyrow_D1;weather3;soil6;2015;24.09.2014;23.07.2015;no_irrig;manag28;no_fert;fert35;no_resi;no_co2;WW;Julius;52.252;13.235;47
EX220;HUB_Thyrow_D1;weather3;soil6;2015;14.04.2015;10.09.2015;no_irrig;manag25;no_fert;fert33;no_resi;no_co2;PO;Afra;52.252;13.235;47
EX221;HUB_Thyrow_D1;weather3;soil6;2015;26.08.2014;21.07.2015;no_irrig;manag26;no_fert;fert37;no_resi;no_co2;WC;Visby;52.252;13.235;47
EX222;HUB_Thyrow_D1;weather3;soil6;2015;24.09.2014;04.08.2015;no_irrig;manag27;no_fert;fert35;no_resi;no_co2;WR;Conduct;52.252;13.235;47
EX223;HUB_Thyrow_D1;weather3;soil6;2015;24.09.2014;23.07.2015;no_irrig;manag28;no_fert;fert35;no_resi;no_co2;WW;Julius;52.252;13.235;47
EX224;HUB_Thyrow_D1;weather3;soil6;2015;14.04.2015;10.09.2015;irrig24;manag25;no_fert;no_fert;no_resi;no_co2;PO;Afra;52.252;13.235;47
EX225;HUB_Thyrow_D1;weather3;soil6;2015;26.08.2014;21.07.2015;irrig26;manag26;no_fert;no_fert;resi7;no_co2;WC;Visby;52.252;13.235;47
EX226;HUB_Thyrow_D1;weather3;soil6;2015;24.09.2014;04.08.2015;irrig26;manag27;no_fert;no_fert;no_resi;no_co2;WR;Conduct;52.252;13.235;47
EX227;HUB_Thyrow_D1;weather3;soil6;2015;24.09.2014;23.07.2015;irrig25;manag28;no_fert;no_fert;no_resi;no_co2;WW;Julius;52.252;13.235;47
EX228;HUB_Thyrow_D1;weather3;soil6;2015;14.04.2015;10.09.2015;irrig24;manag25;no_fert;fert34;no_resi;no_co2;PO;Afra;52.252;13.235;47
EX229;HUB_Thyrow_D1;weather3;soil6;2015;26.08.2014;21.07.2015;irrig26;manag26;no_fert;fert38;resi7;no_co2;WC;Visby;52.252;13.235;47
EX230;HUB_Thyrow_D1;weather3;soil6;2015;24.09.2014;04.08.2015;irrig26;manag27;no_fert;fert36;no_resi;no_co2;WR;Conduct;52.252;13.235;47
EX231;HUB_Thyrow_D1;weather3;soil6;2015;24.09.2014;23.07.2015;irrig25;manag28;no_fert;fert36;no_resi;no_co2;WW;Julius;52.252;13.235;47
EX232;HUB_Thyrow_D1;weather3;soil6;2015;14.04.2015;10.09.2015;irrig24;manag25;no_fert;fert33;no_resi;no_co2;PO;Afra;52.252;13.235;47
EX233;HUB_Thyrow_D1;weather3;soil6;2015;26.08.2014;21.07.2015;irrig26;manag26;no_fert;fert37;resi7;no_co2;WC;Visby;52.252;13.235;47
EX234;HUB_Thyrow_D1;weather3;soil6;2015;24.09.2014;04.08.2015;irrig26;manag27;no_fert;fert35;no_resi;no_co2;WR;Conduct;52.252;13.235;47
EX235;HUB_Thyrow_D1;weather3;soil6;2015;24.09.2014;23.07.2015;irrig25;manag28;no_fert;fert35;no_resi;no_co2;WW;Julius;52.252;13.235;47
EX236;HUB_Thyrow_D1;weather3;soil6;2015;14.04.2015;10.09.2015;irrig24;manag25;no_fert;fert33;no_resi;no_co2;PO;Afra;52.252;13.235;47
EX237;HUB_Thyrow_D1;weather3;soil6;2015;26.08.2014;21.07.2015;irrig26;manag26;no_fert;fert37;no_resi;no_co2;WC;Visby;52.252;13.235;47
EX238;HUB_Thyrow_D1;weather3;soil6;2015;24.09.2014;04.08.2015;irrig26;manag27;no_fert;fert35;no_resi;no_co2;WR;Conduct;52.252;13.235;47
EX239;HUB_Thyrow_D1;weather3;soil6;2015;24.09.2014;23.07.2015;irrig25;manag28;no_fert;fert35;no_resi;no_co2;WW;Julius;52.252;13.235;47
EX240;HUB_Thyrow_D1;weather3;soil6;2016;13.04.2016;14.08.2016;no_irrig;manag29;no_fert;no_fert;no_resi;no_co2;PO;Afra;52.252;13.235;47
EX241;HUB_Thyrow_D1;weather3;soil6;2016;27.08.2015;21.07.2016;no_irrig;manag30;no_fert;no_fert;resi8;no_co2;WC;Visby;52.252;13.235;47
EX242;HUB_Thyrow_D1;weather3;soil6;2016;22.09.2015;26.07.2016;no_irrig;manag31;no_fert;no_fert;no_resi;no_co2;WR;Conduct;52.252;13.235;47
EX243;HUB_Thyrow_D1;weather3;soil6;2016;22.09.2015;23.07.2016;no_irrig;manag32;no_fert;no_fert;no_resi;no_co2;WW;Discus;52.252;13.235;47
EX244;HUB_Thyrow_D1;weather3;soil6;2016;13.04.2016;14.08.2016;no_irrig;manag29;no_fert;fert40;no_resi;no_co2;PO;Afra;52.252;13.235;47
EX245;HUB_Thyrow_D1;weather3;soil6;2016;27.08.2015;21.07.2016;no_irrig;manag30;no_fert;fert44;resi8;no_co2;WC;Visby;52.252;13.235;47
EX246;HUB_Thyrow_D1;weather3;soil6;2016;22.09.2015;26.07.2016;no_irrig;manag31;no_fert;fert42;no_resi;no_co2;WR;Conduct;52.252;13.235;47
EX247;HUB_Thyrow_D1;weather3;soil6;2016;22.09.2015;23.07.2016;no_irrig;manag32;no_fert;fert42;no_resi;no_co2;WW;Discus;52.252;13.235;47
EX248;HUB_Thyrow_D1;weather3;soil6;2016;13.04.2016;14.08.2016;no_irrig;manag29;no_fert;fert39;no_resi;no_co2;PO;Afra;52.252;13.235;47
EX249;HUB_Thyrow_D1;weather3;soil6;2016;27.08.2015;21.07.2016;no_irrig;manag30;no_fert;fert43;resi8;no_co2;WC;Visby;52.252;13.235;47
EX250;HUB_Thyrow_D1;weather3;soil6;2016;22.09.2015;26.07.2016;no_irrig;manag31;no_fert;fert41;no_resi;no_co2;WR;Conduct;52.252;13.235;47
EX251;HUB_Thyrow_D1;weather3;soil6;2016;22.09.2015;23.07.2016;no_irrig;manag32;no_fert;fert41;no_resi;no_co2;WW;Discus;52.252;13.235;47
EX252;HUB_Thyrow_D1;weather3;soil6;2016;13.04.2016;14.08.2016;no_irrig;manag29;no_fert;fert39;no_resi;no_co2;PO;Afra;52.252;13.235;47
EX253;HUB_Thyrow_D1;weather3;soil6;2016;27.08.2015;21.07.2016;no_irrig;manag30;no_fert;fert43;no_resi;no_co2;WC;Visby;52.252;13.235;47
EX254;HUB_Thyrow_D1;weather3;soil6;2016;22.09.2015;26.07.2016;no_irrig;manag31;no_fert;fert41;no_resi;no_co2;WR;Conduct;52.252;13.235;47
EX255;HUB_Thyrow_D1;weather3;soil6;2016;22.09.2015;23.07.2016;no_irrig;manag32;no_fert;fert41;no_resi;no_co2;WW;Discus;52.252;13.235;47
EX256;HUB_Thyrow_D1;weather3;soil6;2016;13.04.2016;14.08.2016;irrig27;manag29;no_fert;no_fert;no_resi;no_co2;PO;Afra;52.252;13.235;47
EX257;HUB_Thyrow_D1;weather3;soil6;2016;27.08.2015;21.07.2016;irrig28;manag30;no_fert;no_fert;resi8;no_co2;WC;Visby;52.252;13.235;47
EX258;HUB_Thyrow_D1;weather3;soil6;2016;22.09.2015;26.07.2016;irrig29;manag31;no_fert;no_fert;no_resi;no_co2;WR;Conduct;52.252;13.235;47
EX259;HUB_Thyrow_D1;weather3;soil6;2016;22.09.2015;23.07.2016;irrig28;manag32;no_fert;no_fert;no_resi;no_co2;WW;Discus;52.252;13.235;47
EX260;HUB_Thyrow_D1;weather3;soil6;2016;13.04.2016;14.08.2016;irrig27;manag29;no_fert;fert40;no_resi;no_co2;PO;Afra;52.252;13.235;47
EX261;HUB_Thyrow_D1;weather3;soil6;2016;27.08.2015;21.07.2016;irrig28;manag30;no_fert;fert44;resi8;no_co2;WC;Visby;52.252;13.235;47
EX262;HUB_Thyrow_D1;weather3;soil6;2016;22.09.2015;26.07.2016;irrig29;manag31;no_fert;fert42;no_resi;no_co2;WR;Conduct;52.252;13.235;47
EX263;HUB_Thyrow_D1;weather3;soil6;2016;22.09.2015;23.07.2016;irrig28;manag32;no_fert;fert42;no_resi;no_co2;WW;Discus;52.252;13.235;47
EX264;HUB_Thyrow_D1;weather3;soil6;2016;13.04.2016;14.08.2016;irrig27;manag29;no_fert;fert39;no_resi;no_co2;PO;Afra;52.252;13.235;47
EX265;HUB_Thyrow_D1;weather3;soil6;2016;27.08.2015;21.07.2016;irrig28;manag30;no_fert;fert43;resi8;no_co2;WC;Visby;52.252;13.235;47
EX266;HUB_Thyrow_D1;weather3;soil6;2016;22.09.2015;26.07.2016;irrig29;manag31;no_fert;fert41;no_resi;no_co2;WR;Conduct;52.252;13.235;47
EX267;HUB_Thyrow_D1;weather3;soil6;2016;22.09.2015;23.07.2016;irrig28;manag32;no_fert;fert41;no_resi;no_co2;WW;Discus;52.252;13.235;47
EX268;HUB_Thyrow_D1;weather3;soil6;2016;13.04.2016;14.08.2016;irrig27;manag29;no_fert;fert39;no_resi;no_co2;PO;Afra;52.252;13.235;47
EX269;HUB_Thyrow_D1;weather3;soil6;2016;27.08.2015;21.07.2016;irrig28;manag30;no_fert;fert43;no_resi;no_co2;WC;Visby;52.252;13.235;47
EX270;HUB_Thyrow_D1;weather3;soil6;2016;22.09.2015;26.07.2016;irrig29;manag31;no_fert;fert41;no_resi;no_co2;WR;Conduct;52.252;13.235;47
EX271;HUB_Thyrow_D1;weather3;soil6;2016;22.09.2015;23.07.2016;irrig28;manag32;no_fert;fert41;no_resi;no_co2;WW;Discus;52.252;13.235;47
EX272;HUB_Thyrow_D1;weather3;soil6;2017;10.04.2017;26.09.2017;no_irrig;manag33;no_fert;no_fert;no_resi;no_co2;PO;Afra;52.252;13.235;47
EX273;HUB_Thyrow_D1;weather3;soil6;2017;28.09.2016;31.07.2017;no_irrig;manag35;no_fert;no_fert;no_resi;no_co2;WR;Conduct;52.252;13.235;47
EX274;HUB_Thyrow_D1;weather3;soil6;2017;28.09.2016;02.08.2017;no_irrig;manag36;no_fert;no_fert;no_resi;no_co2;WW;Julius;52.252;13.235;47
EX275;HUB_Thyrow_D1;weather3;soil6;2017;10.04.2017;26.09.2017;no_irrig;manag33;no_fert;fert50;no_resi;no_co2;PO;Afra;52.252;13.235;47
EX276;HUB_Thyrow_D1;weather3;soil6;2017;30.08.2016;31.07.2017;no_irrig;manag34;no_fert;fert48;resi9;no_co2;WC;DK Exception;52.252;13.235;47
EX277;HUB_Thyrow_D1;weather3;soil6;2017;28.09.2016;31.07.2017;no_irrig;manag35;no_fert;fert46;no_resi;no_co2;WR;Conduct;52.252;13.235;47
EX278;HUB_Thyrow_D1;weather3;soil6;2017;28.09.2016;02.08.2017;no_irrig;manag36;no_fert;fert46;no_resi;no_co2;WW;Julius;52.252;13.235;47
EX279;HUB_Thyrow_D1;weather3;soil6;2017;10.04.2017;26.09.2017;no_irrig;manag33;no_fert;fert49;no_resi;no_co2;PO;Afra;52.252;13.235;47
EX280;HUB_Thyrow_D1;weather3;soil6;2017;30.08.2016;31.07.2017;no_irrig;manag34;no_fert;fert47;resi9;no_co2;WC;DK Exception;52.252;13.235;47
EX281;HUB_Thyrow_D1;weather3;soil6;2017;28.09.2016;31.07.2017;no_irrig;manag35;no_fert;fert45;no_resi;no_co2;WR;Conduct;52.252;13.235;47
EX282;HUB_Thyrow_D1;weather3;soil6;2017;28.09.2016;02.08.2017;no_irrig;manag36;no_fert;fert45;no_resi;no_co2;WW;Julius;52.252;13.235;47
EX283;HUB_Thyrow_D1;weather3;soil6;2017;10.04.2017;26.09.2017;no_irrig;manag33;no_fert;fert49;no_resi;no_co2;PO;Afra;52.252;13.235;47
EX284;HUB_Thyrow_D1;weather3;soil6;2017;30.08.2016;31.07.2017;no_irrig;manag34;no_fert;fert47;no_resi;no_co2;WC;DK Exception;52.252;13.235;47
EX285;HUB_Thyrow_D1;weather3;soil6;2017;28.09.2016;31.07.2017;no_irrig;manag35;no_fert;fert45;no_resi;no_co2;WR;Conduct;52.252;13.235;47
EX286;HUB_Thyrow_D1;weather3;soil6;2017;28.09.2016;02.08.2017;no_irrig;manag36;no_fert;fert45;no_resi;no_co2;WW;Julius;52.252;13.235;47
EX287;HUB_Thyrow_D1;weather3;soil6;2017;28.09.2016;31.07.2017;irrig30;manag35;no_fert;no_fert;no_resi;no_co2;WR;Conduct;52.252;13.235;47
EX288;HUB_Thyrow_D1;weather3;soil6;2017;28.09.2016;02.08.2017;irrig30;manag36;no_fert;no_fert;no_resi;no_co2;WW;Julius;52.252;13.235;47
EX289;HUB_Thyrow_D1;weather3;soil6;2017;30.08.2016;31.07.2017;irrig30;manag34;no_fert;fert48;resi9;no_co2;WC;DK Exception;52.252;13.235;47
EX290;HUB_Thyrow_D1;weather3;soil6;2017;28.09.2016;31.07.2017;irrig30;manag35;no_fert;fert46;no_resi;no_co2;WR;Conduct;52.252;13.235;47
EX291;HUB_Thyrow_D1;weather3;soil6;2017;28.09.2016;02.08.2017;irrig30;manag36;no_fert;fert46;no_resi;no_co2;WW;Julius;52.252;13.235;47
EX292;HUB_Thyrow_D1;weather3;soil6;2017;30.08.2016;31.07.2017;irrig30;manag34;no_fert;fert47;resi9;no_co2;WC;DK Exception;52.252;13.235;47
EX293;HUB_Thyrow_D1;weather3;soil6;2017;28.09.2016;31.07.2017;irrig30;manag35;no_fert;fert45;no_resi;no_co2;WR;Conduct;52.252;13.235;47
EX294;HUB_Thyrow_D1;weather3;soil6;2017;28.09.2016;02.08.2017;irrig30;manag36;no_fert;fert45;no_resi;no_co2;WW;Julius;52.252;13.235;47
EX295;HUB_Thyrow_D1;weather3;soil6;2017;30.08.2016;31.07.2017;irrig30;manag34;no_fert;fert47;no_resi;no_co2;WC;DK Exception;52.252;13.235;47
EX296;HUB_Thyrow_D1;weather3;soil6;2017;28.09.2016;31.07.2017;irrig30;manag35;no_fert;fert45;no_resi;no_co2;WR;Conduct;52.252;13.235;47
EX297;HUB_Thyrow_D1;weather3;soil6;2017;28.09.2016;02.08.2017;irrig30;manag36;no_fert;fert45;no_resi;no_co2;WW;Julius;52.252;13.235;47
EX298;HUB_Thyrow_D1;weather3;soil6;2018;12.04.2018;06.09.2018;no_irrig;manag37;no_fert;no_fert;no_resi;no_co2;PO;Laura;52.252;13.235;47
EX299;HUB_Thyrow_D1;weather3;soil6;2018;29.09.2017;24.07.2018;no_irrig;manag39;no_fert;no_fert;no_resi;no_co2;WR;Conduct;52.252;13.235;47
EX300;HUB_Thyrow_D1;weather3;soil6;2018;29.09.2017;17.07.2018;no_irrig;manag40;no_fert;no_fert;no_resi;no_co2;WW;Julius;52.252;13.235;47
EX301;HUB_Thyrow_D1;weather3;soil6;2018;12.04.2018;06.09.2018;no_irrig;manag37;no_fert;fert56;no_resi;no_co2;PO;Laura;52.252;13.235;47
EX302;HUB_Thyrow_D1;weather3;soil6;2018;28.08.2017;16.07.2018;no_irrig;manag38;no_fert;fert52;resi10;no_co2;WC;DK Exception;52.252;13.235;47
EX303;HUB_Thyrow_D1;weather3;soil6;2018;29.09.2017;24.07.2018;no_irrig;manag39;no_fert;fert54;no_resi;no_co2;WR;Conduct;52.252;13.235;47
EX304;HUB_Thyrow_D1;weather3;soil6;2018;29.09.2017;17.07.2018;no_irrig;manag40;no_fert;fert58;no_resi;no_co2;WW;Julius;52.252;13.235;47
EX305;HUB_Thyrow_D1;weather3;soil6;2018;12.04.2018;06.09.2018;no_irrig;manag37;no_fert;fert55;no_resi;no_co2;PO;Laura;52.252;13.235;47
EX306;HUB_Thyrow_D1;weather3;soil6;2018;28.08.2017;16.07.2018;no_irrig;manag38;no_fert;fert51;resi10;no_co2;WC;DK Exception;52.252;13.235;47
EX307;HUB_Thyrow_D1;weather3;soil6;2018;29.09.2017;24.07.2018;no_irrig;manag39;no_fert;fert53;no_resi;no_co2;WR;Conduct;52.252;13.235;47
EX308;HUB_Thyrow_D1;weather3;soil6;2018;29.09.2017;17.07.2018;no_irrig;manag40;no_fert;fert57;no_resi;no_co2;WW;Julius;52.252;13.235;47
EX309;HUB_Thyrow_D1;weather3;soil6;2018;12.04.2018;06.09.2018;no_irrig;manag37;no_fert;fert55;no_resi;no_co2;PO;Laura;52.252;13.235;47
EX310;HUB_Thyrow_D1;weather3;soil6;2018;28.08.2017;16.07.2018;no_irrig;manag38;no_fert;fert51;no_resi;no_co2;WC;DK Exception;52.252;13.235;47
EX311;HUB_Thyrow_D1;weather3;soil6;2018;29.09.2017;24.07.2018;no_irrig;manag39;no_fert;fert53;no_resi;no_co2;WR;Conduct;52.252;13.235;47
EX312;HUB_Thyrow_D1;weather3;soil6;2018;29.09.2017;17.07.2018;no_irrig;manag40;no_fert;fert57;no_resi;no_co2;WW;Julius;52.252;13.235;47
EX313;HUB_Thyrow_D1;weather3;soil6;2018;12.04.2018;06.09.2018;irrig32;manag37;no_fert;no_fert;no_resi;no_co2;PO;Laura;52.252;13.235;47
EX314;HUB_Thyrow_D1;weather3;soil6;2018;29.09.2017;24.07.2018;irrig31;manag39;no_fert;no_fert;no_resi;no_co2;WR;Conduct;52.252;13.235;47
EX315;HUB_Thyrow_D1;weather3;soil6;2018;29.09.2017;17.07.2018;irrig33;manag40;no_fert;no_fert;no_resi;no_co2;WW;Julius;52.252;13.235;47
EX316;HUB_Thyrow_D1;weather3;soil6;2018;12.04.2018;06.09.2018;irrig32;manag37;no_fert;fert56;no_resi;no_co2;PO;Laura;52.252;13.235;47
EX317;HUB_Thyrow_D1;weather3;soil6;2018;28.08.2017;16.07.2018;irrig31;manag38;no_fert;fert52;resi10;no_co2;WC;DK Exception;52.252;13.235;47
EX318;HUB_Thyrow_D1;weather3;soil6;2018;29.09.2017;24.07.2018;irrig31;manag39;no_fert;fert54;no_resi;no_co2;WR;Conduct;52.252;13.235;47
EX319;HUB_Thyrow_D1;weather3;soil6;2018;29.09.2017;17.07.2018;irrig33;manag40;no_fert;fert58;no_resi;no_co2;WW;Julius;52.252;13.235;47
EX320;HUB_Thyrow_D1;weather3;soil6;2018;12.04.2018;06.09.2018;irrig32;manag37;no_fert;fert55;no_resi;no_co2;PO;Laura;52.252;13.235;47
EX321;HUB_Thyrow_D1;weather3;soil6;2018;28.08.2017;16.07.2018;irrig31;manag38;no_fert;fert51;resi10;no_co2;WC;DK Exception;52.252;13.235;47
EX322;HUB_Thyrow_D1;weather3;soil6;2018;29.09.2017;24.07.2018;irrig31;manag39;no_fert;fert53;no_resi;no_co2;WR;Conduct;52.252;13.235;47
EX323;HUB_Thyrow_D1;weather3;soil6;2018;29.09.2017;17.07.2018;irrig33;manag40;no_fert;fert57;no_resi;no_co2;WW;Julius;52.252;13.235;47
EX324;HUB_Thyrow_D1;weather3;soil6;2018;12.04.2018;06.09.2018;irrig32;manag37;no_fert;fert55;no_resi;no_co2;PO;Laura;52.252;13.235;47
EX325;HUB_Thyrow_D1;weather3;soil6;2018;28.08.2017;16.07.2018;irrig31;manag38;no_fert;fert51;no_resi;no_co2;WC;DK Exception;52.252;13.235;47
EX326;HUB_Thyrow_D1;weather3;soil6;2018;29.09.2017;24.07.2018;irrig31;manag39;no_fert;fert53;no_resi;no_co2;WR;Conduct;52.252;13.235;47
EX327;HUB_Thyrow_D1;weather3;soil6;2018;29.09.2017;17.07.2018;irrig33;manag40;no_fert;fert57;no_resi;no_co2;WW;Julius;52.252;13.235;47
EX328;HUB_Thyrow_D1;weather3;soil6;2019;02.04.2019;07.10.2019;no_irrig;manag41;no_fert;no_fert;no_resi;no_co2;PO;Afra;52.252;13.235;47
EX329;HUB_Thyrow_D1;weather3;soil6;2019;31.08.2018;29.07.2019;no_irrig;manag42;no_fert;no_fert;resi11;no_co2;WC;DK Exception;52.252;13.235;47
EX330;HUB_Thyrow_D1;weather3;soil6;2019;26.09.2018;22.07.2019;no_irrig;manag43;no_fert;no_fert;no_resi;no_co2;WR;Conduct;52.252;13.235;47
EX331;HUB_Thyrow_D1;weather3;soil6;2019;25.09.2018;11.07.2019;no_irrig;manag44;no_fert;no_fert;no_resi;no_co2;WW;Julius;52.252;13.235;47
EX332;HUB_Thyrow_D1;weather3;soil6;2019;02.04.2019;07.10.2019;no_irrig;manag41;no_fert;fert62;no_resi;no_co2;PO;Afra;52.252;13.235;47
EX333;HUB_Thyrow_D1;weather3;soil6;2019;31.08.2018;29.07.2019;no_irrig;manag42;no_fert;fert64;resi11;no_co2;WC;DK Exception;52.252;13.235;47
EX334;HUB_Thyrow_D1;weather3;soil6;2019;26.09.2018;22.07.2019;no_irrig;manag43;no_fert;fert60;no_resi;no_co2;WR;Conduct;52.252;13.235;47
EX335;HUB_Thyrow_D1;weather3;soil6;2019;25.09.2018;11.07.2019;no_irrig;manag44;no_fert;fert60;no_resi;no_co2;WW;Julius;52.252;13.235;47
EX336;HUB_Thyrow_D1;weather3;soil6;2019;02.04.2019;07.10.2019;no_irrig;manag41;no_fert;fert61;no_resi;no_co2;PO;Afra;52.252;13.235;47
EX337;HUB_Thyrow_D1;weather3;soil6;2019;31.08.2018;29.07.2019;no_irrig;manag42;no_fert;fert63;resi11;no_co2;WC;DK Exception;52.252;13.235;47
EX338;HUB_Thyrow_D1;weather3;soil6;2019;26.09.2018;22.07.2019;no_irrig;manag43;no_fert;fert59;no_resi;no_co2;WR;Conduct;52.252;13.235;47
EX339;HUB_Thyrow_D1;weather3;soil6;2019;25.09.2018;11.07.2019;no_irrig;manag44;no_fert;fert59;no_resi;no_co2;WW;Julius;52.252;13.235;47
EX340;HUB_Thyrow_D1;weather3;soil6;2019;02.04.2019;07.10.2019;no_irrig;manag41;no_fert;fert61;no_resi;no_co2;PO;Afra;52.252;13.235;47
EX341;HUB_Thyrow_D1;weather3;soil6;2019;31.08.2018;29.07.2019;no_irrig;manag42;no_fert;fert63;no_resi;no_co2;WC;DK Exception;52.252;13.235;47
EX342;HUB_Thyrow_D1;weather3;soil6;2019;26.09.2018;22.07.2019;no_irrig;manag43;no_fert;fert59;no_resi;no_co2;WR;Conduct;52.252;13.235;47
EX343;HUB_Thyrow_D1;weather3;soil6;2019;25.09.2018;11.07.2019;no_irrig;manag44;no_fert;fert59;no_resi;no_co2;WW;Julius;52.252;13.235;47
EX344;HUB_Thyrow_D1;weather3;soil6;2019;02.04.2019;07.10.2019;irrig35;manag41;no_fert;no_fert;no_resi;no_co2;PO;Afra;52.252;13.235;47
EX345;HUB_Thyrow_D1;weather3;soil6;2019;31.08.2018;29.07.2019;irrig37;manag42;no_fert;no_fert;resi11;no_co2;WC;DK Exception;52.252;13.235;47
EX346;HUB_Thyrow_D1;weather3;soil6;2019;26.09.2018;22.07.2019;irrig34;manag43;no_fert;no_fert;no_resi;no_co2;WR;Conduct;52.252;13.235;47
EX347;HUB_Thyrow_D1;weather3;soil6;2019;25.09.2018;11.07.2019;irrig36;manag44;no_fert;no_fert;no_resi;no_co2;WW;Julius;52.252;13.235;47
EX348;HUB_Thyrow_D1;weather3;soil6;2019;02.04.2019;07.10.2019;irrig35;manag41;no_fert;fert62;no_resi;no_co2;PO;Afra;52.252;13.235;47
EX349;HUB_Thyrow_D1;weather3;soil6;2019;31.08.2018;29.07.2019;irrig37;manag42;no_fert;fert64;resi11;no_co2;WC;DK Exception;52.252;13.235;47
EX350;HUB_Thyrow_D1;weather3;soil6;2019;26.09.2018;22.07.2019;irrig34;manag43;no_fert;fert60;no_resi;no_co2;WR;Conduct;52.252;13.235;47
EX351;HUB_Thyrow_D1;weather3;soil6;2019;25.09.2018;11.07.2019;irrig36;manag44;no_fert;fert60;no_resi;no_co2;WW;Julius;52.252;13.235;47
EX352;HUB_Thyrow_D1;weather3;soil6;2019;02.04.2019;07.10.2019;irrig35;manag41;no_fert;fert61;no_resi;no_co2;PO;Afra;52.252;13.235;47
EX353;HUB_Thyrow_D1;weather3;soil6;2019;31.08.2018;29.07.2019;irrig37;manag42;no_fert;fert63;resi11;no_co2;WC;DK Exception;52.252;13.235;47
EX354;HUB_Thyrow_D1;weather3;soil6;2019;26.09.2018;22.07.2019;irrig34;manag43;no_fert;fert59;no_resi;no_co2;WR;Conduct;52.252;13.235;47
EX355;HUB_Thyrow_D1;weather3;soil6;2019;25.09.2018;11.07.2019;irrig36;manag44;no_fert;fert59;no_resi;no_co2;WW;Julius;52.252;13.235;47
EX356;HUB_Thyrow_D1;weather3;soil6;2019;02.04.2019;07.10.2019;irrig35;manag41;no_fert;fert61;no_resi;no_co2;PO;Afra;52.252;13.235;47
EX357;HUB_Thyrow_D1;weather3;soil6;2019;31.08.2018;29.07.2019;irrig37;manag42;no_fert;fert63;no_resi;no_co2;WC;DK Exception;52.252;13.235;47
EX358;HUB_Thyrow_D1;weather3;soil6;2019;26.09.2018;22.07.2019;irrig34;manag43;no_fert;fert59;no_resi;no_co2;WR;Conduct;52.252;13.235;47
EX359;HUB_Thyrow_D1;weather3;soil6;2019;25.09.2018;11.07.2019;irrig36;manag44;no_fert;fert59;no_resi;no_co2;WW;Julius;52.252;13.235;47
EX360;HUB_Thyrow_D1;weather3;soil6;2020;06.04.2020;09.09.2020;no_irrig;manag45;no_fert;no_fert;no_resi;no_co2;PO;Afra;52.252;13.235;47
EX361;HUB_Thyrow_D1;weather3;soil6;2020;02.09.2019;20.07.2020;no_irrig;manag46;no_fert;no_fert;resi12;no_co2;WC;DK Exception;52.252;13.235;47
EX362;HUB_Thyrow_D1;weather3;soil6;2020;27.09.2019;27.07.2020;no_irrig;manag47;no_fert;no_fert;no_resi;no_co2;WR;Conduct;52.252;13.235;47
EX363;HUB_Thyrow_D1;weather3;soil6;2020;11.10.2019;27.07.2020;no_irrig;manag48;no_fert;no_fert;no_resi;no_co2;WW;Julius;52.252;13.235;47
EX364;HUB_Thyrow_D1;weather3;soil6;2020;06.04.2020;09.09.2020;no_irrig;manag45;no_fert;fert66;no_resi;no_co2;PO;Afra;52.252;13.235;47
EX365;HUB_Thyrow_D1;weather3;soil6;2020;02.09.2019;20.07.2020;no_irrig;manag46;no_fert;fert70;resi12;no_co2;WC;DK Exception;52.252;13.235;47
EX366;HUB_Thyrow_D1;weather3;soil6;2020;27.09.2019;27.07.2020;no_irrig;manag47;no_fert;fert68;no_resi;no_co2;WR;Conduct;52.252;13.235;47
EX367;HUB_Thyrow_D1;weather3;soil6;2020;11.10.2019;27.07.2020;no_irrig;manag48;no_fert;fert68;no_resi;no_co2;WW;Julius;52.252;13.235;47
EX368;HUB_Thyrow_D1;weather3;soil6;2020;06.04.2020;09.09.2020;no_irrig;manag45;no_fert;fert65;no_resi;no_co2;PO;Afra;52.252;13.235;47
EX369;HUB_Thyrow_D1;weather3;soil6;2020;02.09.2019;20.07.2020;no_irrig;manag46;no_fert;fert69;resi12;no_co2;WC;DK Exception;52.252;13.235;47
EX370;HUB_Thyrow_D1;weather3;soil6;2020;27.09.2019;27.07.2020;no_irrig;manag47;no_fert;fert67;no_resi;no_co2;WR;Conduct;52.252;13.235;47
EX371;HUB_Thyrow_D1;weather3;soil6;2020;11.10.2019;27.07.2020;no_irrig;manag48;no_fert;fert67;no_resi;no_co2;WW;Julius;52.252;13.235;47
EX372;HUB_Thyrow_D1;weather3;soil6;2020;06.04.2020;09.09.2020;no_irrig;manag45;no_fert;fert65;no_resi;no_co2;PO;Afra;52.252;13.235;47
EX373;HUB_Thyrow_D1;weather3;soil6;2020;02.09.2019;20.07.2020;no_irrig;manag46;no_fert;fert69;no_resi;no_co2;WC;DK Exception;52.252;13.235;47
EX374;HUB_Thyrow_D1;weather3;soil6;2020;27.09.2019;27.07.2020;no_irrig;manag47;no_fert;fert67;no_resi;no_co2;WR;Conduct;52.252;13.235;47
EX375;HUB_Thyrow_D1;weather3;soil6;2020;11.10.2019;27.07.2020;no_irrig;manag48;no_fert;fert67;no_resi;no_co2;WW;Julius;52.252;13.235;47
EX376;HUB_Thyrow_D1;weather3;soil6;2020;06.04.2020;09.09.2020;irrig38;manag45;no_fert;no_fert;no_resi;no_co2;PO;Afra;52.252;13.235;47
EX377;HUB_Thyrow_D1;weather3;soil6;2020;02.09.2019;20.07.2020;irrig40;manag46;no_fert;no_fert;resi12;no_co2;WC;DK Exception;52.252;13.235;47
EX378;HUB_Thyrow_D1;weather3;soil6;2020;27.09.2019;27.07.2020;irrig40;manag47;no_fert;no_fert;no_resi;no_co2;WR;Conduct;52.252;13.235;47
EX379;HUB_Thyrow_D1;weather3;soil6;2020;11.10.2019;27.07.2020;irrig39;manag48;no_fert;no_fert;no_resi;no_co2;WW;Julius;52.252;13.235;47
EX380;HUB_Thyrow_D1;weather3;soil6;2020;06.04.2020;09.09.2020;irrig38;manag45;no_fert;fert66;no_resi;no_co2;PO;Afra;52.252;13.235;47
EX381;HUB_Thyrow_D1;weather3;soil6;2020;02.09.2019;20.07.2020;irrig40;manag46;no_fert;fert70;resi12;no_co2;WC;DK Exception;52.252;13.235;47
EX382;HUB_Thyrow_D1;weather3;soil6;2020;27.09.2019;27.07.2020;irrig40;manag47;no_fert;fert68;no_resi;no_co2;WR;Conduct;52.252;13.235;47
EX383;HUB_Thyrow_D1;weather3;soil6;2020;11.10.2019;27.07.2020;irrig39;manag48;no_fert;fert68;no_resi;no_co2;WW;Julius;52.252;13.235;47
EX384;HUB_Thyrow_D1;weather3;soil6;2020;06.04.2020;09.09.2020;irrig38;manag45;no_fert;fert65;no_resi;no_co2;PO;Afra;52.252;13.235;47
EX385;HUB_Thyrow_D1;weather3;soil6;2020;02.09.2019;20.07.2020;irrig40;manag46;no_fert;fert69;resi12;no_co2;WC;DK Exception;52.252;13.235;47
EX386;HUB_Thyrow_D1;weather3;soil6;2020;27.09.2019;27.07.2020;irrig40;manag47;no_fert;fert67;no_resi;no_co2;WR;Conduct;52.252;13.235;47
EX387;HUB_Thyrow_D1;weather3;soil6;2020;11.10.2019;27.07.2020;irrig39;manag48;no_fert;fert67;no_resi;no_co2;WW;Julius;52.252;13.235;47
EX388;HUB_Thyrow_D1;weather3;soil6;2020;06.04.2020;09.09.2020;irrig38;manag45;no_fert;fert65;no_resi;no_co2;PO;Afra;52.252;13.235;47
EX389;HUB_Thyrow_D1;weather3;soil6;2020;02.09.2019;20.07.2020;irrig40;manag46;no_fert;fert69;no_resi;no_co2;WC;DK Exception;52.252;13.235;47
EX390;HUB_Thyrow_D1;weather3;soil6;2020;27.09.2019;27.07.2020;irrig40;manag47;no_fert;fert67;no_resi;no_co2;WR;Conduct;52.252;13.235;47
EX391;HUB_Thyrow_D1;weather3;soil6;2020;11.10.2019;27.07.2020;irrig39;manag48;no_fert;fert67;no_resi;no_co2;WW;Julius;52.252;13.235;47
EX392;HUB_Thyrow_D1;weather3;soil6;2021;12.04.2021;21.09.2021;no_irrig;manag49;no_fert;no_fert;no_resi;no_co2;PO;Afra;52.252;13.235;47
EX393;HUB_Thyrow_D1;weather3;soil6;2021;31.08.2020;02.08.2021;no_irrig;manag50;no_fert;no_fert;resi13;no_co2;WC;DK Exception;52.252;13.235;47
EX394;HUB_Thyrow_D1;weather3;soil6;2021;29.07.2021;29.09.2021;no_irrig;manag51;no_fert;no_fert;no_resi;no_co2;WR;Conduct;52.252;13.235;47
EX395;HUB_Thyrow_D1;weather3;soil6;2021;24.09.2020;29.07.2021;no_irrig;manag52;no_fert;no_fert;no_resi;no_co2;WW;Julius;52.252;13.235;47
EX396;HUB_Thyrow_D1;weather3;soil6;2021;12.04.2021;21.09.2021;no_irrig;manag49;no_fert;fert72;no_resi;no_co2;PO;Afra;52.252;13.235;47
EX397;HUB_Thyrow_D1;weather3;soil6;2021;31.08.2020;02.08.2021;no_irrig;manag50;no_fert;fert76;resi13;no_co2;WC;DK Exception;52.252;13.235;47
EX398;HUB_Thyrow_D1;weather3;soil6;2021;29.07.2021;29.09.2021;no_irrig;manag51;no_fert;fert74;no_resi;no_co2;WR;Conduct;52.252;13.235;47
EX399;HUB_Thyrow_D1;weather3;soil6;2021;24.09.2020;29.07.2021;no_irrig;manag52;no_fert;fert74;no_resi;no_co2;WW;Julius;52.252;13.235;47
EX400;HUB_Thyrow_D1;weather3;soil6;2021;12.04.2021;21.09.2021;no_irrig;manag49;no_fert;fert71;no_resi;no_co2;PO;Afra;52.252;13.235;47
EX401;HUB_Thyrow_D1;weather3;soil6;2021;31.08.2020;02.08.2021;no_irrig;manag50;no_fert;fert75;resi13;no_co2;WC;DK Exception;52.252;13.235;47
EX402;HUB_Thyrow_D1;weather3;soil6;2021;29.07.2021;29.09.2021;no_irrig;manag51;no_fert;fert73;no_resi;no_co2;WR;Conduct;52.252;13.235;47
EX403;HUB_Thyrow_D1;weather3;soil6;2021;24.09.2020;29.07.2021;no_irrig;manag52;no_fert;fert73;no_resi;no_co2;WW;Julius;52.252;13.235;47
EX404;HUB_Thyrow_D1;weather3;soil6;2021;12.04.2021;21.09.2021;no_irrig;manag49;no_fert;fert71;no_resi;no_co2;PO;Afra;52.252;13.235;47
EX405;HUB_Thyrow_D1;weather3;soil6;2021;31.08.2020;02.08.2021;no_irrig;manag50;no_fert;fert75;no_resi;no_co2;WC;DK Exception;52.252;13.235;47
EX406;HUB_Thyrow_D1;weather3;soil6;2021;29.07.2021;29.09.2021;no_irrig;manag51;no_fert;fert73;no_resi;no_co2;WR;Conduct;52.252;13.235;47
EX407;HUB_Thyrow_D1;weather3;soil6;2021;24.09.2020;29.07.2021;no_irrig;manag52;no_fert;fert73;no_resi;no_co2;WW;Julius;52.252;13.235;47
EX408;HUB_Thyrow_D1;weather3;soil6;2021;12.04.2021;21.09.2021;irrig41;manag49;no_fert;no_fert;no_resi;no_co2;PO;Afra;52.252;13.235;47
EX409;HUB_Thyrow_D1;weather3;soil6;2021;31.08.2020;02.08.2021;irrig42;manag50;no_fert;no_fert;resi13;no_co2;WC;DK Exception;52.252;13.235;47
EX410;HUB_Thyrow_D1;weather3;soil6;2021;29.07.2021;29.09.2021;irrig43;manag51;no_fert;no_fert;no_resi;no_co2;WR;Conduct;52.252;13.235;47
EX411;HUB_Thyrow_D1;weather3;soil6;2021;24.09.2020;29.07.2021;irrig42;manag52;no_fert;no_fert;no_resi;no_co2;WW;Julius;52.252;13.235;47
EX412;HUB_Thyrow_D1;weather3;soil6;2021;12.04.2021;21.09.2021;irrig41;manag49;no_fert;fert72;no_resi;no_co2;PO;Afra;52.252;13.235;47
EX413;HUB_Thyrow_D1;weather3;soil6;2021;31.08.2020;02.08.2021;irrig42;manag50;no_fert;fert76;resi13;no_co2;WC;DK Exception;52.252;13.235;47
EX414;HUB_Thyrow_D1;weather3;soil6;2021;29.07.2021;29.09.2021;irrig43;manag51;no_fert;fert74;no_resi;no_co2;WR;Conduct;52.252;13.235;47
EX415;HUB_Thyrow_D1;weather3;soil6;2021;24.09.2020;29.07.2021;irrig42;manag52;no_fert;fert74;no_resi;no_co2;WW;Julius;52.252;13.235;47
EX416;HUB_Thyrow_D1;weather3;soil6;2021;12.04.2021;21.09.2021;irrig41;manag49;no_fert;fert71;no_resi;no_co2;PO;Afra;52.252;13.235;47
EX417;HUB_Thyrow_D1;weather3;soil6;2021;31.08.2020;02.08.2021;irrig42;manag50;no_fert;fert75;resi13;no_co2;WC;DK Exception;52.252;13.235;47
EX418;HUB_Thyrow_D1;weather3;soil6;2021;29.07.2021;29.09.2021;irrig43;manag51;no_fert;fert73;no_resi;no_co2;WR;Conduct;52.252;13.235;47
EX419;HUB_Thyrow_D1;weather3;soil6;2021;24.09.2020;29.07.2021;irrig42;manag52;no_fert;fert73;no_resi;no_co2;WW;Julius;52.252;13.235;47
EX420;HUB_Thyrow_D1;weather3;soil6;2021;12.04.2021;21.09.2021;irrig41;manag49;no_fert;fert71;no_resi;no_co2;PO;Afra;52.252;13.235;47
EX421;HUB_Thyrow_D1;weather3;soil6;2021;31.08.2020;02.08.2021;irrig42;manag50;no_fert;fert75;no_resi;no_co2;WC;DK Exception;52.252;13.235;47
EX422;HUB_Thyrow_D1;weather3;soil6;2021;29.07.2021;29.09.2021;irrig43;manag51;no_fert;fert73;no_resi;no_co2;WR;Conduct;52.252;13.235;47
EX423;HUB_Thyrow_D1;weather3;soil6;2021;24.09.2020;29.07.2021;irrig42;manag52;no_fert;fert73;no_resi;no_co2;WW;Julius;52.252;13.235;47
EX424;HUB_Thyrow_D1;weather3;soil6;2022;06.04.2022;22.09.2022;no_irrig;;no_fert;no_fert;no_resi;no_co2;PO;Afra;52.252;13.235;47
EX425;HUB_Thyrow_D1;weather3;soil6;2022;30.09.2021;20.07.2022;no_irrig;;no_fert;no_fert;no_resi;no_co2;WR;Conduct;52.252;13.235;47
EX426;HUB_Thyrow_D1;weather3;soil6;2022;29.09.2021;19.07.2022;no_irrig;;no_fert;no_fert;no_resi;no_co2;WW;Julius;52.252;13.235;47
EX427;HUB_Thyrow_D1;weather3;soil6;2022;06.04.2022;22.09.2022;no_irrig;;no_fert;fert82;no_resi;no_co2;PO;Afra;52.252;13.235;47
EX428;HUB_Thyrow_D1;weather3;soil6;2022;31.08.2021;12.07.2022;no_irrig;;no_fert;fert80;resi14;no_co2;WC;DK Exception;52.252;13.235;47
EX429;HUB_Thyrow_D1;weather3;soil6;2022;30.09.2021;20.07.2022;no_irrig;;no_fert;fert78;no_resi;no_co2;WR;Conduct;52.252;13.235;47
EX430;HUB_Thyrow_D1;weather3;soil6;2022;29.09.2021;19.07.2022;no_irrig;;no_fert;fert78;no_resi;no_co2;WW;Julius;52.252;13.235;47
EX431;HUB_Thyrow_D1;weather3;soil6;2022;06.04.2022;22.09.2022;no_irrig;;no_fert;fert81;no_resi;no_co2;PO;Afra;52.252;13.235;47
EX432;HUB_Thyrow_D1;weather3;soil6;2022;31.08.2021;12.07.2022;no_irrig;;no_fert;fert79;resi14;no_co2;WC;DK Exception;52.252;13.235;47
EX433;HUB_Thyrow_D1;weather3;soil6;2022;30.09.2021;20.07.2022;no_irrig;;no_fert;fert77;no_resi;no_co2;WR;Conduct;52.252;13.235;47
EX434;HUB_Thyrow_D1;weather3;soil6;2022;29.09.2021;19.07.2022;no_irrig;;no_fert;fert77;no_resi;no_co2;WW;Julius;52.252;13.235;47
EX435;HUB_Thyrow_D1;weather3;soil6;2022;06.04.2022;22.09.2022;no_irrig;;no_fert;fert81;no_resi;no_co2;PO;Afra;52.252;13.235;47
EX436;HUB_Thyrow_D1;weather3;soil6;2022;31.08.2021;12.07.2022;no_irrig;;no_fert;fert79;no_resi;no_co2;WC;DK Exception;52.252;13.235;47
EX437;HUB_Thyrow_D1;weather3;soil6;2022;30.09.2021;20.07.2022;no_irrig;;no_fert;fert77;no_resi;no_co2;WR;Conduct;52.252;13.235;47
EX438;HUB_Thyrow_D1;weather3;soil6;2022;29.09.2021;19.07.2022;no_irrig;;no_fert;fert77;no_resi;no_co2;WW;Julius;52.252;13.235;47
EX439;HUB_Thyrow_D1;weather3;soil6;2022;06.04.2022;22.09.2022;irrig47;;no_fert;no_fert;no_resi;no_co2;PO;Afra;52.252;13.235;47
EX440;HUB_Thyrow_D1;weather3;soil6;2022;30.09.2021;20.07.2022;irrig46;;no_fert;no_fert;no_resi;no_co2;WR;Conduct;52.252;13.235;47
EX441;HUB_Thyrow_D1;weather3;soil6;2022;29.09.2021;19.07.2022;irrig44;;no_fert;no_fert;no_resi;no_co2;WW;Julius;52.252;13.235;47
EX442;HUB_Thyrow_D1;weather3;soil6;2022;06.04.2022;22.09.2022;irrig47;;no_fert;fert82;no_resi;no_co2;PO;Afra;52.252;13.235;47
EX443;HUB_Thyrow_D1;weather3;soil6;2022;31.08.2021;12.07.2022;irrig45;;no_fert;fert80;resi14;no_co2;WC;DK Exception;52.252;13.235;47
EX444;HUB_Thyrow_D1;weather3;soil6;2022;30.09.2021;20.07.2022;irrig46;;no_fert;fert78;no_resi;no_co2;WR;Conduct;52.252;13.235;47
EX445;HUB_Thyrow_D1;weather3;soil6;2022;29.09.2021;19.07.2022;irrig44;;no_fert;fert78;no_resi;no_co2;WW;Julius;52.252;13.235;47
EX446;HUB_Thyrow_D1;weather3;soil6;2022;06.04.2022;22.09.2022;irrig47;;no_fert;fert81;no_resi;no_co2;PO;Afra;52.252;13.235;47
EX447;HUB_Thyrow_D1;weather3;soil6;2022;31.08.2021;12.07.2022;irrig45;;no_fert;fert79;resi14;no_co2;WC;DK Exception;52.252;13.235;47
EX448;HUB_Thyrow_D1;weather3;soil6;2022;30.09.2021;20.07.2022;irrig46;;no_fert;fert77;no_resi;no_co2;WR;Conduct;52.252;13.235;47
EX449;HUB_Thyrow_D1;weather3;soil6;2022;29.09.2021;19.07.2022;irrig44;;no_fert;fert77;no_resi;no_co2;WW;Julius;52.252;13.235;47
EX450;HUB_Thyrow_D1;weather3;soil6;2022;06.04.2022;22.09.2022;irrig47;;no_fert;fert81;no_resi;no_co2;PO;Afra;52.252;13.235;47
EX451;HUB_Thyrow_D1;weather3;soil6;2022;31.08.2021;12.07.2022;irrig45;;no_fert;fert79;no_resi;no_co2;WC;DK Exception;52.252;13.235;47
EX452;HUB_Thyrow_D1;weather3;soil6;2022;30.09.2021;20.07.2022;irrig46;;no_fert;fert77;no_resi;no_co2;WR;Conduct;52.252;13.235;47
EX453;HUB_Thyrow_D1;weather3;soil6;2022;29.09.2021;19.07.2022;irrig44;;no_fert;fert77;no_resi;no_co2;WW;Julius;52.252;13.235;47
EX454;TI_Braunschweig_FACE;weather4;soil7;2000;25.09.1999;26.06.2000;irrig48;manag53;no_fert;fert83;no_resi;370;WB;Theresa;52.3;10.433;75
EX455;TI_Braunschweig_FACE;weather4;soil7;2000;25.09.1999;20.06.2000;irrig48;manag53;no_fert;fert84;no_resi;370;WB;Theresa;52.3;10.433;75
EX456;TI_Braunschweig_FACE;weather4;soil7;2000;25.09.1999;26.06.2000;irrig48;manag53;no_fert;fert83;no_resi;550;WB;Theresa;52.3;10.433;75
EX457;TI_Braunschweig_FACE;weather4;soil7;2000;25.09.1999;20.06.2000;irrig48;manag53;no_fert;fert84;no_resi;550;WB;Theresa;52.3;10.433;75
EX458;TI_Braunschweig_FACE;weather5;soil7;2001;11.04.2001;18.09.2001;irrig49;manag54;no_fert;fert85;no_resi;370;ZU;Wiebke;52.3;10.433;75
EX459;TI_Braunschweig_FACE;weather5;soil7;2001;11.04.2001;25.09.2001;irrig49;manag54;no_fert;fert86;no_resi;370;ZU;Wiebke;52.3;10.433;75
EX460;TI_Braunschweig_FACE;weather5;soil7;2001;11.04.2001;18.09.2001;irrig49;manag54;no_fert;fert85;no_resi;550;ZU;Wiebke;52.3;10.433;75
EX461;TI_Braunschweig_FACE;weather5;soil7;2001;11.04.2001;25.09.2001;irrig49;manag54;no_fert;fert86;no_resi;550;ZU;Wiebke;52.3;10.433;75
EX462;TI_Braunschweig_FACE;weather6;soil7;2002;07.11.2001;31.07.2002;irrig50;manag55;no_fert;fert87;no_resi;370;WW;Batis;52.3;10.433;75
EX463;TI_Braunschweig_FACE;weather6;soil7;2002;07.11.2001;31.07.2002;irrig50;manag55;no_fert;fert88;no_resi;370;WW;Batis;52.3;10.433;75
EX464;TI_Braunschweig_FACE;weather6;soil7;2002;07.11.2001;31.07.2002;irrig50;manag55;no_fert;fert87;no_resi;550;WW;Batis;52.3;10.433;75
EX465;TI_Braunschweig_FACE;weather6;soil7;2002;07.11.2001;31.07.2002;irrig50;manag55;no_fert;fert88;no_resi;550;WW;Batis;52.3;10.433;75
EX466;TI_Braunschweig_FACE;weather7;soil7;2003;25.09.2002;26.06.2003;irrig51;manag56;no_fert;fert89;no_resi;370;WB;Theresa;52.3;10.433;75
EX467;TI_Braunschweig_FACE;weather7;soil7;2003;25.09.2002;26.06.2003;irrig51;manag56;no_fert;fert90;no_resi;370;WB;Theresa;52.3;10.433;75
EX468;TI_Braunschweig_FACE;weather7;soil7;2003;25.09.2002;26.06.2003;irrig51;manag56;no_fert;fert89;no_resi;550;WB;Theresa;52.3;10.433;75
EX469;TI_Braunschweig_FACE;weather7;soil7;2003;25.09.2002;26.06.2003;irrig51;manag56;no_fert;fert90;no_resi;550;WB;Theresa;52.3;10.433;75
EX470;TI_Braunschweig_FACE;weather8;soil7;2004;14.04.2004;28.09.2004;irrig52;manag57;no_fert;fert91;no_resi;370;ZU;Impuls;52.3;10.433;75
EX471;TI_Braunschweig_FACE;weather8;soil7;2004;14.04.2004;28.09.2004;irrig52;manag57;no_fert;fert92;no_resi;370;ZU;Impuls;52.3;10.433;75
EX472;TI_Braunschweig_FACE;weather8;soil7;2004;14.04.2004;28.09.2004;irrig52;manag57;no_fert;fert91;no_resi;550;ZU;Impuls;52.3;10.433;75
EX473;TI_Braunschweig_FACE;weather8;soil7;2004;14.04.2004;28.09.2004;irrig52;manag57;no_fert;fert92;no_resi;550;ZU;Impuls;52.3;10.433;75
EX474;TI_Braunschweig_FACE;weather9;soil7;2005;26.10.2004;27.07.2005;irrig53;manag58;no_fert;fert93;no_resi;370;WW;Batis;52.3;10.433;75
EX475;TI_Braunschweig_FACE;weather9;soil7;2005;26.10.2004;27.07.2005;irrig53;manag58;no_fert;fert94;no_resi;370;WW;Batis;52.3;10.433;75
EX476;TI_Braunschweig_FACE;weather9;soil7;2005;26.10.2004;27.07.2005;irrig53;manag58;no_fert;fert93;no_resi;550;WW;Batis;52.3;10.433;75
EX477;TI_Braunschweig_FACE;weather9;soil7;2005;26.10.2004;27.07.2005;irrig53;manag58;no_fert;fert94;no_resi;550;WW;Batis;52.3;10.433;75
EX478;TI_Braunschweig_FACE;weather10;soil7;2007;25.04.2007;02.10.2007;irrig54;manag59;no_fert;fert95;no_resi;370;SM;Romario;52.3;10.433;75
EX479;TI_Braunschweig_FACE;weather10;soil7;2007;25.04.2007;02.10.2007;no_irrig;manag59;no_fert;fert95;no_resi;370;SM;Romario;52.3;10.433;75
EX480;TI_Braunschweig_FACE;weather10;soil7;2007;25.04.2007;02.10.2007;irrig54;manag59;no_fert;fert95;no_resi;550;SM;Romario;52.3;10.433;75
EX481;TI_Braunschweig_FACE;weather10;soil7;2007;25.04.2007;02.10.2007;no_irrig;manag59;no_fert;fert95;no_resi;550;SM;Romario;52.3;10.433;75
EX482;TI_Braunschweig_FACE;weather11;soil7;2008;09.05.2008;29.09.2008;irrig55;no_manag;no_fert;fert96;no_resi;385;SM;Romario;52.3;10.433;75
EX483;TI_Braunschweig_FACE;weather11;soil7;2008;09.05.2008;29.09.2008;irrig56;no_manag;no_fert;fert96;no_resi;385;SM;Romario;52.3;10.433;75
EX484;TI_Braunschweig_FACE;weather11;soil7;2008;09.05.2008;29.09.2008;irrig55;no_manag;no_fert;fert96;no_resi;550;SM;Romario;52.3;10.433;75
EX485;TI_Braunschweig_FACE;weather11;soil7;2008;09.05.2008;29.09.2008;irrig56;no_manag;no_fert;fert96;no_resi;550;SM;Romario;52.3;10.433;75
EX486;ZALF_Muencheberg_V4;weather13;soil8;2008;24.04.2008;10.09.2008;no_irrig;manag74;no_fert;fert112;no_resi;no_co2;SM;Francisco;52.517;14.124;64
EX487;ZALF_Muencheberg_V4;weather13;soil8;2008;24.04.2008;10.09.2008;no_irrig;no_manag;no_fert;fert112;no_resi;no_co2;SM;Francisco;52.517;14.124;64
EX488;ZALF_Muencheberg_V4;weather13;soil8;2008;24.04.2008;10.09.2008;irrig65;manag74;no_fert;fert112;no_resi;no_co2;SM;Francisco;52.517;14.124;64
EX489;ZALF_Muencheberg_V4;weather13;soil8;2008;24.04.2008;10.09.2008;irrig65;no_manag;no_fert;fert112;no_resi;no_co2;SM;Francisco;52.517;14.124;64
EX490;ZALF_Muencheberg_V4;weather13;soil8;2008;24.04.2008;10.09.2008;no_irrig;manag74;no_fert;fert112;no_resi;no_co2;SM;Atletico;52.517;14.124;64
EX491;ZALF_Muencheberg_V4;weather13;soil8;2008;24.04.2008;10.09.2008;no_irrig;no_manag;no_fert;fert112;no_resi;no_co2;SM;Atletico;52.517;14.124;64
EX492;ZALF_Muencheberg_V4;weather13;soil8;2008;24.04.2008;10.09.2008;irrig65;manag74;no_fert;fert112;no_resi;no_co2;SM;Atletico;52.517;14.124;64
EX493;ZALF_Muencheberg_V4;weather13;soil8;2008;24.04.2008;10.09.2008;irrig65;no_manag;no_fert;fert112;no_resi;no_co2;SM;Atletico;52.517;14.124;64
EX494;ZALF_Muencheberg_V4;weather13;soil8;2008;02.10.2007;28.05.2008;1;manag75;no_fert;fert113;no_resi;no_co2;WR;Vitallo;52.517;14.124;64
EX495;ZALF_Muencheberg_V4;weather13;soil8;2008;02.10.2007;28.05.2008;1;no_manag;no_fert;fert113;no_resi;no_co2;WR;Vitallo;52.517;14.124;64
EX496;ZALF_Muencheberg_V4;weather13;soil8;2008;02.10.2007;28.05.2008;2;manag75;no_fert;fert113;no_resi;no_co2;WR;Vitallo;52.517;14.124;64
EX497;ZALF_Muencheberg_V4;weather13;soil8;2008;02.10.2007;28.05.2008;2;no_manag;no_fert;fert113;no_resi;no_co2;WR;Vitallo;52.517;14.124;64
EX498;ZALF_Muencheberg_V4;weather13;soil8;2009;22.04.2009;15.09.2009;no_irrig;manag76;no_fert;fert114;no_resi;no_co2;SM;Atletico;52.517;14.124;64
EX499;ZALF_Muencheberg_V4;weather13;soil8;2009;22.04.2009;15.09.2009;no_irrig;no_manag;no_fert;fert114;no_resi;no_co2;SM;Atletico;52.517;14.124;64
EX500;ZALF_Muencheberg_V4;weather13;soil8;2009;22.04.2009;15.09.2009;irrig66;manag76;no_fert;fert114;no_resi;no_co2;SM;Atletico;52.517;14.124;64
EX501;ZALF_Muencheberg_V4;weather13;soil8;2009;22.04.2009;15.09.2009;irrig66;no_manag;no_fert;fert114;no_resi;no_co2;SM;Atletico;52.517;14.124;64
EX502;ZALF_Muencheberg_V4;weather13;soil8;2009;22.04.2009;15.09.2009;no_irrig;manag76;no_fert;fert114;no_resi;no_co2;SM;Francisco;52.517;14.124;64
EX503;ZALF_Muencheberg_V4;weather13;soil8;2009;22.04.2009;15.09.2009;no_irrig;no_manag;no_fert;fert114;no_resi;no_co2;SM;Francisco;52.517;14.124;64
EX504;ZALF_Muencheberg_V4;weather13;soil8;2009;22.04.2009;15.09.2009;irrig66;manag76;no_fert;fert114;no_resi;no_co2;SM;Francisco;52.517;14.124;64
EX505;ZALF_Muencheberg_V4;weather13;soil8;2009;22.04.2009;15.09.2009;irrig66;no_manag;no_fert;fert114;no_resi;no_co2;SM;Francisco;52.517;14.124;64
EX506;ZALF_Muencheberg_V4;weather13;soil8;2009;24.09.2008;23.06.2009;no_irrig;manag86;no_fert;fert115;no_resi;no_co2;TR;Talentro;52.517;14.124;64
EX507;ZALF_Muencheberg_V4;weather13;soil8;2009;24.09.2008;23.06.2009;no_irrig;no_manag;no_fert;fert115;no_resi;no_co2;TR;Talentro;52.517;14.124;64
EX508;ZALF_Muencheberg_V4;weather13;soil8;2009;24.09.2008;23.06.2009;no_irrig;manag86;no_fert;fert115;no_resi;no_co2;TR;Talentro;52.517;14.124;64
EX509;ZALF_Muencheberg_V4;weather13;soil8;2009;24.09.2008;23.06.2009;no_irrig;no_manag;no_fert;fert115;no_resi;no_co2;TR;Talentro;52.517;14.124;64
EX510;ZALF_Muencheberg_V4;weather13;soil8;2010;30.04.2010;18.09.2010;no_irrig;manag77;no_fert;fert116;no_resi;no_co2;SM;Atletico;52.517;14.124;64
EX511;ZALF_Muencheberg_V4;weather13;soil8;2010;30.04.2010;18.09.2010;no_irrig;no_manag;no_fert;fert116;no_resi;no_co2;SM;Atletico;52.517;14.124;64
EX512;ZALF_Muencheberg_V4;weather13;soil8;2010;30.04.2010;18.09.2010;irrig67;manag77;no_fert;fert116;no_resi;no_co2;SM;Atletico;52.517;14.124;64
EX513;ZALF_Muencheberg_V4;weather13;soil8;2010;30.04.2010;18.09.2010;irrig67;no_manag;no_fert;fert116;no_resi;no_co2;SM;Atletico;52.517;14.124;64
EX514;ZALF_Muencheberg_V4;weather13;soil8;2010;30.04.2010;18.09.2010;no_irrig;manag77;no_fert;fert116;no_resi;no_co2;SM;Francisco;52.517;14.124;64
EX515;ZALF_Muencheberg_V4;weather13;soil8;2010;30.04.2010;18.09.2010;no_irrig;no_manag;no_fert;fert116;no_resi;no_co2;SM;Francisco;52.517;14.124;64
EX516;ZALF_Muencheberg_V4;weather13;soil8;2010;30.04.2010;18.09.2010;irrig67;manag77;no_fert;fert116;no_resi;no_co2;SM;Francisco;52.517;14.124;64
EX517;ZALF_Muencheberg_V4;weather13;soil8;2010;30.04.2010;18.09.2010;irrig67;no_manag;no_fert;fert116;no_resi;no_co2;SM;Francisco;52.517;14.124;64
EX518;ZALF_Muencheberg_V4;weather13;soil8;2011;02.05.2011;13.09.2011;no_irrig;manag78;no_fert;fert117;no_resi;no_co2;SM;Atletico;52.517;14.124;64
EX519;ZALF_Muencheberg_V4;weather13;soil8;2011;02.05.2011;13.09.2011;no_irrig;no_manag;no_fert;fert117;no_resi;no_co2;SM;Atletico;52.517;14.124;64
EX520;ZALF_Muencheberg_V4;weather13;soil8;2011;02.05.2011;13.09.2011;irrig68;manag78;no_fert;fert118;no_resi;no_co2;SM;Atletico;52.517;14.124;64
EX521;ZALF_Muencheberg_V4;weather13;soil8;2011;02.05.2011;13.09.2011;irrig68;no_manag;no_fert;fert118;no_resi;no_co2;SM;Atletico;52.517;14.124;64
EX522;ZALF_Muencheberg_V4;weather13;soil8;2011;02.05.2011;13.09.2011;no_irrig;manag78;no_fert;fert117;no_resi;no_co2;SM;Francisco;52.517;14.124;64
EX523;ZALF_Muencheberg_V4;weather13;soil8;2011;02.05.2011;13.09.2011;no_irrig;no_manag;no_fert;fert117;no_resi;no_co2;SM;Francisco;52.517;14.124;64
EX524;ZALF_Muencheberg_V4;weather13;soil8;2011;02.05.2011;13.09.2011;irrig68;manag78;no_fert;fert118;no_resi;no_co2;SM;Francisco;52.517;14.124;64
EX525;ZALF_Muencheberg_V4;weather13;soil8;2011;02.05.2011;13.09.2011;irrig68;no_manag;no_fert;fert118;no_resi;no_co2;SM;Francisco;52.517;14.124;64
EX526;ZALF_Muencheberg_V4;weather13;soil8;2012;25.04.2012;17.09.2012;no_irrig;manag79;no_fert;fert119;no_resi;no_co2;SM;Atletico;52.517;14.124;64
EX527;ZALF_Muencheberg_V4;weather13;soil8;2012;25.04.2012;17.09.2012;no_irrig;no_manag;no_fert;fert119;no_resi;no_co2;SM;Atletico;52.517;14.124;64
EX528;ZALF_Muencheberg_V4;weather13;soil8;2012;25.04.2012;17.09.2012;irrig69;manag79;no_fert;fert120;no_resi;no_co2;SM;Atletico;52.517;14.124;64
EX529;ZALF_Muencheberg_V4;weather13;soil8;2012;25.04.2012;17.09.2012;irrig69;no_manag;no_fert;fert120;no_resi;no_co2;SM;Atletico;52.517;14.124;64
EX530;ZALF_Muencheberg_V4;weather13;soil8;2012;25.04.2012;17.09.2012;no_irrig;manag79;no_fert;fert119;no_resi;no_co2;SM;Francisco;52.517;14.124;64
EX531;ZALF_Muencheberg_V4;weather13;soil8;2012;25.04.2012;17.09.2012;no_irrig;no_manag;no_fert;fert119;no_resi;no_co2;SM;Francisco;52.517;14.124;64
EX532;ZALF_Muencheberg_V4;weather13;soil8;2012;25.04.2012;17.09.2012;irrig69;manag79;no_fert;fert120;no_resi;no_co2;SM;Francisco;52.517;14.124;64
EX533;ZALF_Muencheberg_V4;weather13;soil8;2012;25.04.2012;17.09.2012;irrig69;no_manag;no_fert;fert120;no_resi;no_co2;SM;Francisco;52.517;14.124;64
EX534;ZALF_Muencheberg_V4;weather13;soil8;2012;26.09.2011;23.05.2012;1;manag80;no_fert;fert121;no_resi;no_co2;WR;Palazzo;52.517;14.124;64
EX535;ZALF_Muencheberg_V4;weather13;soil8;2012;26.09.2011;23.05.2012;1;no_manag;no_fert;fert121;no_resi;no_co2;WR;Palazzo;52.517;14.124;64
EX536;ZALF_Muencheberg_V4;weather13;soil8;2012;26.09.2011;23.05.2012;2;manag80;no_fert;fert121;no_resi;no_co2;WR;Palazzo;52.517;14.124;64
EX537;ZALF_Muencheberg_V4;weather13;soil8;2012;26.09.2011;23.05.2012;2;no_manag;no_fert;fert121;no_resi;no_co2;WR;Palazzo;52.517;14.124;64
EX538;ZALF_Muencheberg_V4;weather13;soil8;2013;26.04.2013;12.09.2013;no_irrig;manag81;no_fert;fert122;no_resi;no_co2;SM;Atletico;52.517;14.124;64
EX539;ZALF_Muencheberg_V4;weather13;soil8;2013;26.04.2013;12.09.2013;no_irrig;no_manag;no_fert;fert122;no_resi;no_co2;SM;Atletico;52.517;14.124;64
EX540;ZALF_Muencheberg_V4;weather13;soil8;2013;26.04.2013;12.09.2013;irrig70;manag81;no_fert;fert123;no_resi;no_co2;SM;Atletico;52.517;14.124;64
EX541;ZALF_Muencheberg_V4;weather13;soil8;2013;26.04.2013;12.09.2013;irrig70;no_manag;no_fert;fert123;no_resi;no_co2;SM;Atletico;52.517;14.124;64
EX542;ZALF_Muencheberg_V4;weather13;soil8;2013;26.04.2013;12.09.2013;no_irrig;manag81;no_fert;fert122;no_resi;no_co2;SM;Francisco;52.517;14.124;64
EX543;ZALF_Muencheberg_V4;weather13;soil8;2013;26.04.2013;12.09.2013;no_irrig;no_manag;no_fert;fert122;no_resi;no_co2;SM;Francisco;52.517;14.124;64
EX544;ZALF_Muencheberg_V4;weather13;soil8;2013;26.04.2013;12.09.2013;irrig70;manag81;no_fert;fert123;no_resi;no_co2;SM;Francisco;52.517;14.124;64
EX545;ZALF_Muencheberg_V4;weather13;soil8;2013;26.04.2013;12.09.2013;irrig70;no_manag;no_fert;fert123;no_resi;no_co2;SM;Francisco;52.517;14.124;64
EX546;ZALF_Muencheberg_V4;weather13;soil8;2013;28.09.2012;24.06.2013;no_irrig;manag87;no_fert;fert124;no_resi;no_co2;TR;Talentro;52.517;14.124;64
EX547;ZALF_Muencheberg_V4;weather13;soil8;2013;28.09.2012;24.06.2013;no_irrig;no_manag;no_fert;fert124;no_resi;no_co2;TR;Talentro;52.517;14.124;64
EX548;ZALF_Muencheberg_V4;weather13;soil8;2013;28.09.2012;24.06.2013;irrig71;manag87;no_fert;fert124;no_resi;no_co2;TR;Talentro;52.517;14.124;64
EX549;ZALF_Muencheberg_V4;weather13;soil8;2013;28.09.2012;24.06.2013;irrig71;no_manag;no_fert;fert124;no_resi;no_co2;TR;Talentro;52.517;14.124;64
EX550;ZALF_Muencheberg_V4;weather13;soil8;2014;22.04.2014;19.09.2014;no_irrig;manag82;no_fert;fert125;no_resi;no_co2;SM;Atletico;52.517;14.124;64
EX551;ZALF_Muencheberg_V4;weather13;soil8;2014;22.04.2014;19.09.2014;no_irrig;no_manag;no_fert;fert125;no_resi;no_co2;SM;Atletico;52.517;14.124;64
EX552;ZALF_Muencheberg_V4;weather13;soil8;2014;22.04.2014;19.09.2014;irrig72;manag82;no_fert;fert126;no_resi;no_co2;SM;Atletico;52.517;14.124;64
EX553;ZALF_Muencheberg_V4;weather13;soil8;2014;22.04.2014;19.09.2014;irrig72;no_manag;no_fert;fert126;no_resi;no_co2;SM;Atletico;52.517;14.124;64
EX554;ZALF_Muencheberg_V4;weather13;soil8;2014;22.04.2014;19.09.2014;no_irrig;manag82;no_fert;fert125;no_resi;no_co2;SM;Francisco;52.517;14.124;64
EX555;ZALF_Muencheberg_V4;weather13;soil8;2014;22.04.2014;19.09.2014;no_irrig;no_manag;no_fert;fert125;no_resi;no_co2;SM;Francisco;52.517;14.124;64
EX556;ZALF_Muencheberg_V4;weather13;soil8;2014;22.04.2014;19.09.2014;irrig72;manag82;no_fert;fert126;no_resi;no_co2;SM;Francisco;52.517;14.124;64
EX557;ZALF_Muencheberg_V4;weather13;soil8;2014;22.04.2014;19.09.2014;irrig72;no_manag;no_fert;fert126;no_resi;no_co2;SM;Francisco;52.517;14.124;64
EX558;ZALF_Muencheberg_V4;weather13;soil8;2015;29.04.2015;15.09.2015;no_irrig;manag83;no_fert;fert127;no_resi;no_co2;SM;Atletico;52.517;14.124;64
EX559;ZALF_Muencheberg_V4;weather13;soil8;2015;29.04.2015;15.09.2015;no_irrig;no_manag;no_fert;fert127;no_resi;no_co2;SM;Atletico;52.517;14.124;64
EX560;ZALF_Muencheberg_V4;weather13;soil8;2015;29.04.2015;15.09.2015;irrig73;manag83;no_fert;fert128;no_resi;no_co2;SM;Atletico;52.517;14.124;64
EX561;ZALF_Muencheberg_V4;weather13;soil8;2015;29.04.2015;15.09.2015;irrig73;no_manag;no_fert;fert128;no_resi;no_co2;SM;Atletico;52.517;14.124;64
EX562;ZALF_Muencheberg_V4;weather13;soil8;2015;30.04.2015;15.09.2015;no_irrig;manag83;no_fert;fert127;no_resi;no_co2;SM;Francisco;52.517;14.124;64
EX563;ZALF_Muencheberg_V4;weather13;soil8;2015;30.04.2015;15.09.2015;no_irrig;no_manag;no_fert;fert127;no_resi;no_co2;SM;Francisco;52.517;14.124;64
EX564;ZALF_Muencheberg_V4;weather13;soil8;2015;30.04.2015;15.09.2015;irrig73;manag83;no_fert;fert128;no_resi;no_co2;SM;Francisco;52.517;14.124;64
EX565;ZALF_Muencheberg_V4;weather13;soil8;2015;30.04.2015;15.09.2015;irrig73;no_manag;no_fert;fert128;no_resi;no_co2;SM;Francisco;52.517;14.124;64
EX566;ZALF_Muencheberg_V4;weather13;soil8;2016;25.04.2016;15.09.2016;no_irrig;manag84;no_fert;fert129;no_resi;no_co2;SM;Atletico;52.517;14.124;64
EX567;ZALF_Muencheberg_V4;weather13;soil8;2016;25.04.2016;15.09.2016;no_irrig;no_manag;no_fert;fert129;no_resi;no_co2;SM;Atletico;52.517;14.124;64
EX568;ZALF_Muencheberg_V4;weather13;soil8;2016;25.04.2016;15.09.2016;irrig74;manag84;no_fert;fert130;no_resi;no_co2;SM;Atletico;52.517;14.124;64
EX569;ZALF_Muencheberg_V4;weather13;soil8;2016;25.04.2016;15.09.2016;irrig74;no_manag;no_fert;fert130;no_resi;no_co2;SM;Atletico;52.517;14.124;64
EX570;ZALF_Muencheberg_V4;weather13;soil8;2017;04.10.2016;03.08.2017;no_irrig;no_manag;no_fert;fert131;no_resi;no_co2;WR;Brasetto;52.517;14.124;64
EX571;ZALF_Muencheberg_V4;weather13;soil8;2017;04.10.2016;03.08.2017;irrig75;no_manag;no_fert;fert131;no_resi;no_co2;WR;Brasetto;52.517;14.124;64
EX572;ZALF_Muencheberg_V4;weather13;soil8;2018;27.04.2018;23.08.2018;no_irrig;manag85;no_fert;fert132;no_resi;no_co2;SM;Atletico;52.517;14.124;64
EX573;ZALF_Muencheberg_V4;weather13;soil8;2018;27.04.2018;23.08.2018;no_irrig;no_manag;no_fert;fert132;no_resi;no_co2;SM;Atletico;52.517;14.124;64
EX574;ZALF_Muencheberg_V4;weather13;soil8;2018;27.04.2018;23.08.2018;irrig76;manag85;no_fert;fert133;no_resi;no_co2;SM;Atletico;52.517;14.124;64
EX575;ZALF_Muencheberg_V4;weather13;soil8;2018;27.04.2018;23.08.2018;irrig76;no_manag;no_fert;fert133;no_resi;no_co2;SM;Atletico;52.517;14.124;64
EX576;ZALF_Muencheberg_V4;weather13;soil8;2019;29.04.2019;28.08.2019;no_irrig;no_manag;no_fert;fert97;no_resi;no_co2;SM;no_cultivar;52.517;14.124;64
EX577;ZALF_Muencheberg_V4;weather13;soil8;2019;29.04.2019;28.08.2019;no_irrig;manag60;no_fert;fert97;no_resi;no_co2;SM;no_cultivar;52.517;14.124;64
EX578;ZALF_Muencheberg_V4;weather13;soil8;2019;29.04.2019;28.08.2019;irrig57;no_manag;no_fert;fert98;no_resi;no_co2;SM;no_cultivar;52.517;14.124;64
EX579;ZALF_Muencheberg_V4;weather13;soil8;2019;29.04.2019;28.08.2019;irrig57;manag60;no_fert;fert98;no_resi;no_co2;SM;no_cultivar;52.517;14.124;64
EX580;ZALF_Muencheberg_V4;weather13;soil8;2019;08.04.2019;24.07.2019;no_irrig;no_manag;no_fert;fert99;no_resi;no_co2;SB;no_cultivar;52.517;14.124;64
EX581;ZALF_Muencheberg_V4;weather13;soil8;2019;08.04.2019;24.07.2019;no_irrig;manag69;no_fert;fert99;no_resi;no_co2;SB;no_cultivar;52.517;14.124;64
EX582;ZALF_Muencheberg_V4;weather13;soil8;2019;08.04.2019;24.07.2019;irrig58;no_manag;no_fert;fert99;no_resi;no_co2;SB;no_cultivar;52.517;14.124;64
EX583;ZALF_Muencheberg_V4;weather13;soil8;2019;08.04.2019;24.07.2019;irrig58;manag69;no_fert;fert99;no_resi;no_co2;SB;no_cultivar;52.517;14.124;64
EX584;ZALF_Muencheberg_V4;weather13;soil8;2020;22.04.2020;02.09.2020;no_irrig;manag62;no_fert;fert100;no_resi;no_co2;SM;no_cultivar;52.517;14.124;64
EX585;ZALF_Muencheberg_V4;weather13;soil8;2020;22.04.2020;02.09.2020;no_irrig;manag61;no_fert;fert100;no_resi;no_co2;SM;no_cultivar;52.517;14.124;64
EX586;ZALF_Muencheberg_V4;weather13;soil8;2020;22.04.2020;02.09.2020;2;manag62;no_fert;fert101;no_resi;no_co2;SM;no_cultivar;52.517;14.124;64
EX587;ZALF_Muencheberg_V4;weather13;soil8;2020;22.04.2020;02.09.2020;2;manag61;no_fert;fert101;no_resi;no_co2;SM;no_cultivar;52.517;14.124;64
EX588;ZALF_Muencheberg_V4;weather13;soil8;2020;14.10.2019;23.07.2020;no_irrig;manag88;no_fert;fert102;no_resi;no_co2;WW;no_cultivar;52.517;14.124;64
EX589;ZALF_Muencheberg_V4;weather13;soil8;2020;14.10.2019;23.07.2020;no_irrig;no_manag;no_fert;fert102;no_resi;no_co2;WW;no_cultivar;52.517;14.124;64
EX590;ZALF_Muencheberg_V4;weather13;soil8;2020;14.10.2019;23.07.2020;2;manag88;no_fert;fert102;no_resi;no_co2;WW;no_cultivar;52.517;14.124;64
EX591;ZALF_Muencheberg_V4;weather13;soil8;2020;14.10.2019;23.07.2020;2;no_manag;no_fert;fert102;no_resi;no_co2;WW;no_cultivar;52.517;14.124;64
EX592;ZALF_Muencheberg_V4;weather13;soil8;2021;28.04.2021;13.09.2021;no_irrig;manag64;no_fert;fert103;no_resi;no_co2;SM;no_cultivar;52.517;14.124;64
EX593;ZALF_Muencheberg_V4;weather13;soil8;2021;28.04.2021;13.09.2021;no_irrig;manag63;no_fert;fert103;no_resi;no_co2;SM;no_cultivar;52.517;14.124;64
EX594;ZALF_Muencheberg_V4;weather13;soil8;2021;28.04.2021;13.09.2021;irrig59;manag64;no_fert;fert104;no_resi;no_co2;SM;no_cultivar;52.517;14.124;64
EX595;ZALF_Muencheberg_V4;weather13;soil8;2021;28.04.2021;13.09.2021;irrig59;manag63;no_fert;fert104;no_resi;no_co2;SM;no_cultivar;52.517;14.124;64
EX596;ZALF_Muencheberg_V4;weather13;soil8;2021;06.10.2020;20.07.2021;no_irrig;manag70;no_fert;fert105;no_resi;no_co2;WW;no_cultivar;52.517;14.124;64
EX597;ZALF_Muencheberg_V4;weather13;soil8;2021;06.10.2020;20.07.2021;no_irrig;no_manag;no_fert;fert105;no_resi;no_co2;WW;no_cultivar;52.517;14.124;64
EX598;ZALF_Muencheberg_V4;weather13;soil8;2021;06.10.2020;20.07.2021;irrig60;manag70;no_fert;fert105;no_resi;no_co2;WW;no_cultivar;52.517;14.124;64
EX599;ZALF_Muencheberg_V4;weather13;soil8;2021;06.10.2020;20.07.2021;irrig60;no_manag;no_fert;fert105;no_resi;no_co2;WW;no_cultivar;52.517;14.124;64
EX600;ZALF_Muencheberg_V4;weather13;soil8;2022;22.04.2022;07.09.2022;no_irrig;manag65;no_fert;fert106;no_resi;no_co2;SM;no_cultivar;52.517;14.124;64
EX601;ZALF_Muencheberg_V4;weather13;soil8;2022;22.04.2022;07.09.2022;no_irrig;manag66;no_fert;fert107;no_resi;no_co2;SM;no_cultivar;52.517;14.124;64
EX602;ZALF_Muencheberg_V4;weather13;soil8;2022;22.04.2022;07.09.2022;irrig61;manag65;no_fert;fert108;no_resi;no_co2;SM;no_cultivar;52.517;14.124;64
EX603;ZALF_Muencheberg_V4;weather13;soil8;2022;22.04.2022;07.09.2022;irrig61;manag66;no_fert;fert109;no_resi;no_co2;SM;no_cultivar;52.517;14.124;64
EX604;ZALF_Muencheberg_V4;weather13;soil8;2022;15.10.2021;18.07.2022;no_irrig;manag71;no_fert;fert110;no_resi;no_co2;WW;no_cultivar;52.517;14.124;64
EX605;ZALF_Muencheberg_V4;weather13;soil8;2022;15.10.2021;18.07.2022;no_irrig;manag72;no_fert;fert110;no_resi;no_co2;WW;no_cultivar;52.517;14.124;64
EX606;ZALF_Muencheberg_V4;weather13;soil8;2022;15.10.2021;18.07.2022;irrig62;manag71;no_fert;fert110;no_resi;no_co2;WW;no_cultivar;52.517;14.124;64
EX607;ZALF_Muencheberg_V4;weather13;soil8;2022;15.10.2021;18.07.2022;irrig62;manag72;no_fert;fert110;no_resi;no_co2;WW;no_cultivar;52.517;14.124;64
EX608;ZALF_Muencheberg_V4;weather13;soil8;2023;05.05.2023;06.09.2023;no_irrig;manag67;no_fert;no_fert;no_resi;no_co2;SM;no_cultivar;52.517;14.124;64
EX609;ZALF_Muencheberg_V4;weather13;soil8;2023;05.05.2023;06.09.2023;no_irrig;manag68;no_fert;no_fert;no_resi;no_co2;SM;no_cultivar;52.517;14.124;64
EX610;ZALF_Muencheberg_V4;weather13;soil8;2023;05.05.2023;06.09.2023;irrig63;manag67;no_fert;no_fert;no_resi;no_co2;SM;no_cultivar;52.517;14.124;64
EX611;ZALF_Muencheberg_V4;weather13;soil8;2023;05.05.2023;06.09.2023;irrig63;manag68;no_fert;no_fert;no_resi;no_co2;SM;no_cultivar;52.517;14.124;64
EX612;ZALF_Muencheberg_V4;weather13;soil8;2023;26.09.2022;18.07.2023;no_irrig;manag73;no_fert;fert111;no_resi;no_co2;WW;no_cultivar;52.517;14.124;64
EX613;ZALF_Muencheberg_V4;weather13;soil8;2023;26.09.2022;18.07.2023;irrig64;manag73;no_fert;fert111;no_resi;no_co2;WW;no_cultivar;52.517;14.124;64
EX616;JKI_Braunschweig_Rainshelter;weather12;soil9;2010;;;wet;;;;;;WB;Campanile;52.296;10.436;75
EX617;JKI_Braunschweig_Rainshelter;weather12;soil9;2010;;;wet;;;;;;WB;Fridericus;52.296;10.436;75
EX618;JKI_Braunschweig_Rainshelter;weather12;soil9;2010;;;wet;;;;;;WB;Highlight;52.296;10.436;75
EX619;JKI_Braunschweig_Rainshelter;weather12;soil9;2010;;;wet;;;;;;WB;Zzoom;52.296;10.436;75
EX620;JKI_Braunschweig_Rainshelter;weather12;soil9;2010;;;wet;;;;;;WR;Askari;52.296;10.436;75
EX621;JKI_Braunschweig_Rainshelter;weather12;soil9;2010;;;wet;;;;;;WR;Conduct;52.296;10.436;75
EX622;JKI_Braunschweig_Rainshelter;weather12;soil9;2010;;;wet;;;;;;WR;Visello;52.296;10.436;75
EX623;JKI_Braunschweig_Rainshelter;weather12;soil9;2010;;;wet;;;;;;TR;Agostino;52.296;10.436;75
EX624;JKI_Braunschweig_Rainshelter;weather12;soil9;2010;;;wet;;;;;;TR;Grenado;52.296;10.436;75
EX625;JKI_Braunschweig_Rainshelter;weather12;soil9;2010;;;wet;;;;;;TR;Massimo;52.296;10.436;75
EX626;JKI_Braunschweig_Rainshelter;weather12;soil9;2010;;;wet;;;;;;TR;Tulus;52.296;10.436;75
EX627;JKI_Braunschweig_Rainshelter;weather12;soil9;2010;;;wet;;;;;;WW;Hyland;52.296;10.436;75
EX628;JKI_Braunschweig_Rainshelter;weather12;soil9;2010;;;wet;;;;;;WW;Kredo;52.296;10.436;75
EX629;JKI_Braunschweig_Rainshelter;weather12;soil9;2010;;;wet;;;;;;WW;Ludwig;52.296;10.436;75
EX630;JKI_Braunschweig_Rainshelter;weather12;soil9;2010;;;dry;;;;;;WB;Campanile;52.296;10.436;75
EX631;JKI_Braunschweig_Rainshelter;weather12;soil9;2010;;;dry;;;;;;WB;Fridericus;52.296;10.436;75
EX632;JKI_Braunschweig_Rainshelter;weather12;soil9;2010;;;dry;;;;;;WB;Highlight;52.296;10.436;75
EX633;JKI_Braunschweig_Rainshelter;weather12;soil9;2010;;;dry;;;;;;WB;Zzoom;52.296;10.436;75
EX634;JKI_Braunschweig_Rainshelter;weather12;soil9;2010;;;dry;;;;;;WR;Askari;52.296;10.436;75
EX635;JKI_Braunschweig_Rainshelter;weather12;soil9;2010;;;dry;;;;;;WR;Visello;52.296;10.436;75
EX636;JKI_Braunschweig_Rainshelter;weather12;soil9;2010;;;dry;;;;;;TR;Agostino;52.296;10.436;75
EX637;JKI_Braunschweig_Rainshelter;weather12;soil9;2010;;;dry;;;;;;TR;Grenado;52.296;10.436;75
EX638;JKI_Braunschweig_Rainshelter;weather12;soil9;2010;;;dry;;;;;;TR;Massimo;52.296;10.436;75
EX639;JKI_Braunschweig_Rainshelter;weather12;soil9;2010;;;dry;;;;;;TR;Tulus;52.296;10.436;75
EX640;JKI_Braunschweig_Rainshelter;weather12;soil9;2010;;;dry;;;;;;WW;Hyland;52.296;10.436;75
EX641;JKI_Braunschweig_Rainshelter;weather12;soil9;2010;;;dry;;;;;;WW;Kredo;52.296;10.436;75
EX642;JKI_Braunschweig_Rainshelter;weather12;soil9;2010;;;dry;;;;;;WW;Ludwig;52.296;10.436;75
EX643;JKI_Braunschweig_Rainshelter;weather12;soil9;2011;;;wet;;;;;;WB;Campanile;52.296;10.436;75
EX644;JKI_Braunschweig_Rainshelter;weather12;soil9;2011;;;wet;;;;;;WB;Fridericus;52.296;10.436;75
EX645;JKI_Braunschweig_Rainshelter;weather12;soil9;2011;;;wet;;;;;;WB;Highlight;52.296;10.436;75
EX646;JKI_Braunschweig_Rainshelter;weather12;soil9;2011;;;wet;;;;;;WB;Zzoom;52.296;10.436;75
EX647;JKI_Braunschweig_Rainshelter;weather12;soil9;2011;;;wet;;;;;;WR;Askari;52.296;10.436;75
EX648;JKI_Braunschweig_Rainshelter;weather12;soil9;2011;;;wet;;;;;;WR;Conduct;52.296;10.436;75
EX649;JKI_Braunschweig_Rainshelter;weather12;soil9;2011;;;wet;;;;;;WR;Hellvus;52.296;10.436;75
EX650;JKI_Braunschweig_Rainshelter;weather12;soil9;2011;;;wet;;;;;;WR;Visello;52.296;10.436;75
EX651;JKI_Braunschweig_Rainshelter;weather12;soil9;2011;;;wet;;;;;;TR;Agostino;52.296;10.436;75
EX652;JKI_Braunschweig_Rainshelter;weather12;soil9;2011;;;wet;;;;;;TR;Grenado;52.296;10.436;75
EX653;JKI_Braunschweig_Rainshelter;weather12;soil9;2011;;;wet;;;;;;TR;Massimo;52.296;10.436;75
EX654;JKI_Braunschweig_Rainshelter;weather12;soil9;2011;;;wet;;;;;;TR;Tulus;52.296;10.436;75
EX655;JKI_Braunschweig_Rainshelter;weather12;soil9;2011;;;wet;;;;;;WW;Hyland;52.296;10.436;75
EX656;JKI_Braunschweig_Rainshelter;weather12;soil9;2011;;;wet;;;;;;WW;Kredo;52.296;10.436;75
EX657;JKI_Braunschweig_Rainshelter;weather12;soil9;2011;;;wet;;;;;;WW;Ludwig;52.296;10.436;75
EX658;JKI_Braunschweig_Rainshelter;weather12;soil9;2011;;;wet;;;;;;WW;Manager;52.296;10.436;75
EX659;JKI_Braunschweig_Rainshelter;weather12;soil9;2011;;;dry;;;;;;WB;Campanile;52.296;10.436;75
EX660;JKI_Braunschweig_Rainshelter;weather12;soil9;2011;;;dry;;;;;;WB;Fridericus;52.296;10.436;75
EX661;JKI_Braunschweig_Rainshelter;weather12;soil9;2011;;;dry;;;;;;WB;Highlight;52.296;10.436;75
EX662;JKI_Braunschweig_Rainshelter;weather12;soil9;2011;;;dry;;;;;;WB;Zzoom;52.296;10.436;75
EX663;JKI_Braunschweig_Rainshelter;weather12;soil9;2011;;;dry;;;;;;WR;Askari;52.296;10.436;75
EX664;JKI_Braunschweig_Rainshelter;weather12;soil9;2011;;;dry;;;;;;WR;Conduct;52.296;10.436;75
EX665;JKI_Braunschweig_Rainshelter;weather12;soil9;2011;;;dry;;;;;;WR;Hellvus;52.296;10.436;75
EX666;JKI_Braunschweig_Rainshelter;weather12;soil9;2011;;;dry;;;;;;WR;Visello;52.296;10.436;75
EX667;JKI_Braunschweig_Rainshelter;weather12;soil9;2011;;;dry;;;;;;TR;Agostino;52.296;10.436;75
EX668;JKI_Braunschweig_Rainshelter;weather12;soil9;2011;;;dry;;;;;;TR;Grenado;52.296;10.436;75
EX669;JKI_Braunschweig_Rainshelter;weather12;soil9;2011;;;dry;;;;;;TR;Massimo;52.296;10.436;75
EX670;JKI_Braunschweig_Rainshelter;weather12;soil9;2011;;;dry;;;;;;TR;Tulus;52.296;10.436;75
EX671;JKI_Braunschweig_Rainshelter;weather12;soil9;2011;;;dry;;;;;;WW;Hyland;52.296;10.436;75
EX672;JKI_Braunschweig_Rainshelter;weather12;soil9;2011;;;dry;;;;;;WW;Kredo;52.296;10.436;75
EX673;JKI_Braunschweig_Rainshelter;weather12;soil9;2011;;;dry;;;;;;WW;Ludwig;52.296;10.436;75
EX674;JKI_Braunschweig_Rainshelter;weather12;soil9;2011;;;dry;;;;;;WW;Manager;52.296;10.436;75
